Loro Parque,스페인,https://www.tripadvisor.co.kr/Attraction_Review-g187481-d190893-Reviews-Loro_Parque-Puerto_de_la_Cruz_Tenerife_Canary_Islands.html,"완벽한 날 그것은 내가 본 것 중 가장 아름다운 공원입니다. 멋진 패럿 쇼, 아름다운 동물, 잘 돌보는 것, 아름다운 정원이 있습니다."
Loro Parque,스페인,https://www.tripadvisor.co.kr/Attraction_Review-g187481-d190893-Reviews-Loro_Parque-Puerto_de_la_Cruz_Tenerife_Canary_Islands.html,"즐거운 하루 Loro parque에 가면 쇼에 가야합니다. 돌고래, 오카 및 바다 사자 쇼는 훌륭했습니다. 우리는 점심 시간에 식당에서 식사를했는데 이런 종류의 장소가 많은 것처럼 비싼 음식을 찾지 못했습니다."
Loro Parque,스페인,https://www.tripadvisor.co.kr/Attraction_Review-g187481-d190893-Reviews-Loro_Parque-Puerto_de_la_Cruz_Tenerife_Canary_Islands.html,"이번엔 아니야, 과장된 말이야! 나는이 공원이 어떻게 세상에서 가장 좋은지를 알지 못합니다. 우리는 솔직히 펭귄 인클로저에 깊은 인상을 받았습니다. 그것은 크고 인상적이었습니다. 우리는 단순히 인클로저가 작은 것 같은 느낌을 받았습니다. 돌고래와 같은 쇼가 없었을 때 범고래는 옆으로 누워있었습니다. 공원은 또한 큰 기념품 가게이며, 심지어 화장실에서 그들은 당신에게 싼 물건을 판매하려고합니다. 이 공원은 구식이며 요즘 관련이 없다고 생각합니다. 돈이나 지원 가치가 없습니다."
Loro Parque,스페인,https://www.tripadvisor.co.kr/Attraction_Review-g187481-d190893-Reviews-Loro_Parque-Puerto_de_la_Cruz_Tenerife_Canary_Islands.html,아름다운 동물원 조금 비싸지 만 가치가 있습니다. 당신이 방문 할 시간이 많이 있는지 확인 해야하는 관광 친화적. 하루 종일 쉽게 보낼 수 있습니다.
Loro Parque,스페인,https://www.tripadvisor.co.kr/Attraction_Review-g187481-d190893-Reviews-Loro_Parque-Puerto_de_la_Cruz_Tenerife_Canary_Islands.html,"놀라운 공원! 나는 Loro Parque를 정말 좋아했습니다! 근거는 훌륭했고, 엄청나게 많은 동물들이 있었고, 많은 라이브 쇼를 볼 수있었습니다. 동물들은 잘 보살펴졌고 나는 그들과 그들의 조련사 사이의 유대를 말할 수있었습니다. 동물 복지가 저에게 매우 중요하므로 기쁨을 얻었습니다. 섬을 방문한다면이 공원을 강력히 추천합니다!"
Loro Parque,스페인,https://www.tripadvisor.co.kr/Attraction_Review-g187481-d190893-Reviews-Loro_Parque-Puerto_de_la_Cruz_Tenerife_Canary_Islands.html,"작은 크기의 모든 크기의 새 나는 새장에 새가없고, 특히 작은 새장에 큰 새가 아닙니다. Loro Park에는 많은 것들이 있으므로 사람들 에게이 기관을 방문하도록 조언 할 수는 없습니다. 나를 위해 그것은 우울하게 보이고 있습니다. 죄송합니다. Loro Park에서 멀리 떨어지십시오."
Loro Parque,스페인,https://www.tripadvisor.co.kr/Attraction_Review-g187481-d190893-Reviews-Loro_Parque-Puerto_de_la_Cruz_Tenerife_Canary_Islands.html,닫은 어제 Siama 공원에서 티켓을 샀습니다. 로로가 열려 있지만 여기로 와서 닫혔습니다. 아마 돈을 돌려받지 못할 것입니다. . 그리고 두 장의 티켓에 약 60 유로입니다!
Loro Parque,스페인,https://www.tripadvisor.co.kr/Attraction_Review-g187481-d190893-Reviews-Loro_Parque-Puerto_de_la_Cruz_Tenerife_Canary_Islands.html,"좋은 하루 우리는 코로나 바이러스가 모든 곳을 잡기 직전에 방문했습니다. 우리가 Puerto de la Cruz에 머무르고 있었던 것에 따라 우리는 동물원에 자유로운 기차를 탔을 수 있었다. 20 분마다 실행됩니다. 우리는 우리의 방문, 특히 돌고래와 오카 쇼를 즐겼습니다. 모든 사람들이 화면에서 말하는 단어와 쓰여진 단어를 모두 이해할 수 있도록 여러 언어가 사용되었습니다. 이것은 잘 표지판이 달린 동물원이며 하루 만에 쉽게 걸을 수 있습니다. 휠체어와 휠체어에는 적합하지만 내 관절염에는 좋지 않은 계단과 경사가 거의 없습니다."
Loro Parque,스페인,https://www.tripadvisor.co.kr/Attraction_Review-g187481-d190893-Reviews-Loro_Parque-Puerto_de_la_Cruz_Tenerife_Canary_Islands.html,"테 네리 페에서의 하루 훌륭한 공원. 테 네리 페에 도착하면 반드시 방문해야합니다. 매우 전문적이고 볼거리가 많은 킬러 고래, 돌고래 및 물개 공연을 놓치지 마세요."
Loro Parque,스페인,https://www.tripadvisor.co.kr/Attraction_Review-g187481-d190893-Reviews-Loro_Parque-Puerto_de_la_Cruz_Tenerife_Canary_Islands.html,방문 할만한 가치가있는 곳 우리는 점심 시간에 바쁠 때 좋은 아이디어 인 여기에 일찍 도착했습니다. 볼거리가 많고 동물원은 깨끗하게 유지되며 동물들은 잘 보살펴집니다.
Loro Parque,스페인,https://www.tripadvisor.co.kr/Attraction_Review-g187481-d190893-Reviews-Loro_Parque-Puerto_de_la_Cruz_Tenerife_Canary_Islands.html,"모든 연령대에 좋은 하루 이것은 최고의 동물이어야합니다
박 나도 있었다. 우리는 나이가 (84)와 젊음 (14)의 그룹입니다. 직원들이 동물들에 넣는 시간과 노력은 뛰어납니다. 우리는 내가 추천 할 수없는 여행을했습니다. 동물이 태어나는 순간부터 시작되는 방식과 오카, 돌고래, 펭귄, 퍼프를 만드는 데 필요한 조건에 맞는 물을 얻는 데 드는 돈에 대한 훌륭한 보살핌을 알 수 있습니다. 다른 모든 동물들은 다시 한 번 높은 수준으로 돌보아 집에서 바로 느끼게됩니다. 음식은 괜찮았다. 우리는 그릴에서 투어와 음식을 포함하는 여분의 티켓을 가지고있었습니다. 많은 좌석과 선택은 무제한 음료가 아니며 일부 담당자가 말할 수 있음을 알고 있습니다. 티켓은 15 유로입니다. 확실히 돌아올 것이다. 투어 가이드도 훌륭했습니다-Anja. 좋은 경험을 주셔서 감사합니다?"
Loro Parque,스페인,https://www.tripadvisor.co.kr/Attraction_Review-g187481-d190893-Reviews-Loro_Parque-Puerto_de_la_Cruz_Tenerife_Canary_Islands.html,"퍼스트 클래스 케어 하루, 많은 볼거리, 뛰어난 동물 관리, 웨일즈, 돌고래 및 앵무새와 함께 하루에 여러 쇼를 제공하십시오. 환상적인 펭귄 디스플레이, 아마도 세계 최고 중 하나입니다. 팁. 소풍을 가십시오. 식당이 있지만 의견은 없습니다!
입장료는 싸지 않지만 확실히 가치가 있습니다."
Loro Parque,스페인,https://www.tripadvisor.co.kr/Attraction_Review-g187481-d190893-Reviews-Loro_Parque-Puerto_de_la_Cruz_Tenerife_Canary_Islands.html,"로로 파르 케 Loro Parque에서 훌륭한 하루를 보내십시오.
코스타 아데 제에서 택시로 돌아갈 가치가 있습니다.
멋진 동물과 조류를 볼 수 있습니다.
공원은 매우 깨끗하고 잘 보살.습니다.
Loro 쇼는 컸다, 나는 그것을 정말로 즐겼다."
Loro Parque,스페인,https://www.tripadvisor.co.kr/Attraction_Review-g187481-d190893-Reviews-Loro_Parque-Puerto_de_la_Cruz_Tenerife_Canary_Islands.html,"훌륭한 가족의 날! 우리 2 살짜리와 함께 정말 즐거운 하루. 우리는 트립 어드바이저의 조언을 받아 9시 반에 도착했으며 아직 주차 공간이 충분했습니다. 입구 직전에 사람들을 돌이 키려고했던 녀석은 예상대로 열광적으로 흔들렸다 (TA의 조언에 다시 한번 감사드립니다). 공원은 깨끗하지 않으며 바다에서 산들 바람이 있습니다. 동물들은 모두 잘 보살펴지고 크기가 좋습니다. 새들은 환상적이고 공원 전체에 퍼져 있었고 새의 노래는 훌륭했습니다. 펭귄 전시회는 나의 개인적인 주요 사건이었다!
당신이 자신을 운전하는 경우 약간의 조언, 섬 주위에 시계 방향으로 이동하여 거기에 도착하십시오. 우리는 다른 길, 북쪽으로 guia de isora쪽으로 갔다. 그리고 그것은 섹션에서 매우 뒤틀리고 느렸다. 다른 방법은 훨씬 더 간단했습니다! ! !"
Loro Parque,스페인,https://www.tripadvisor.co.kr/Attraction_Review-g187481-d190893-Reviews-Loro_Parque-Puerto_de_la_Cruz_Tenerife_Canary_Islands.html,"테 네리 페에있는 동안 꼭해야 할 것 놀랍게도, 나는 단지 여자 친구를 데려 갔지만 나는 그것을 더 즐기게 된 것 같습니다. 나는 뒤에서 발견 여행을 추천한다! 투어 가이드 Nico는 매우 열정적이고 110 %를 제공하며 모든 질문에 대답했습니다. 모든 동물은 훌륭하게 보살 피고 공원과 모든 인클로저는 흠이 없습니다. 계속 추천합니다!"
Loro Parque,스페인,https://www.tripadvisor.co.kr/Attraction_Review-g187481-d190893-Reviews-Loro_Parque-Puerto_de_la_Cruz_Tenerife_Canary_Islands.html,"화려한 하루. 내가 알아 차린 첫 번째 사실은 그것이 얼마나 깨끗한 지, 매우 잘 조직되어 우리는 그만한 가치가있는 우선 투어를 가지고 있었고, 우리는 orcas 수영장 아래로갔습니다. 우리는 유리 측면 패널과 고릴라 수면을 통해 orcas를 가까이에서 보았습니다. 지역. 많이 볼 수 있습니다. 모든 동물들은 예외적으로 잘 보살펴졌습니다. 모든 야생의 삶을위한 시설은 믿을 수 없었습니다."
Loro Parque,스페인,https://www.tripadvisor.co.kr/Attraction_Review-g187481-d190893-Reviews-Loro_Parque-Puerto_de_la_Cruz_Tenerife_Canary_Islands.html,아름답고 깨끗합니다. 최고의 동물원! 동물들은 거대하고 깨끗한 장소를 가지고 있으며 모든 것이 아름답고 현대적이며 환경 친화적입니다.
Loro Parque,스페인,https://www.tripadvisor.co.kr/Attraction_Review-g187481-d190893-Reviews-Loro_Parque-Puerto_de_la_Cruz_Tenerife_Canary_Islands.html,"정말 놀라운 경험 테 네리 페에 여러 번 갔고 이번에는 로로 파르 케에 가서 3 살짜리 손자와 함께 놀면서 우리는 섬 남쪽에서 2 시간 동안 여행을했습니다.
여행 가치, 입장료 및 돌고래, 고래, 흰 호랑이, 사자, 하마, 물개, 열대 조류, 펭귄과 함께 믿을 수없는 하루를 보내지 만 가치가 있습니다.
직원과 쇼는 훌륭했고 전체 방문과 동물과 공원에 대한 관심과 공원의 신념과 철학은 우리 휴일의 하이라이트 중 하나였습니다."
Loro Parque,스페인,https://www.tripadvisor.co.kr/Attraction_Review-g187481-d190893-Reviews-Loro_Parque-Puerto_de_la_Cruz_Tenerife_Canary_Islands.html,"하루 멋진 야생 동물 공원, 슈퍼 경험, 오카는 멋진 경험, 모든 동물에 대한 교육과 야생에서 구하기 위해 할 수있는 일을 염두에두고 수행됩니다.

정원은 화려하고 레이아웃이 매우 좋습니다.

이 장소의 음식은 평균 이상이었습니다

유일한 잔소리는 1의 차 한 잔이었다. 70, 그런 작은 종이컵을받은 적이 없어! , 더 큰 것을 요구해야했지만 우유를위한 공간이 없었기 때문에 같은 크기로 두 번째 차의 절반을 두 번째로 받았습니다! ! !

선물 가게에는 더 좋은 품질의 아이템과 다양한 제품이 필요합니다.

좋은 하루"
Loro Parque,스페인,https://www.tripadvisor.co.kr/Attraction_Review-g187481-d190893-Reviews-Loro_Parque-Puerto_de_la_Cruz_Tenerife_Canary_Islands.html,특이한 동물원 훌륭한 동물원 공원. . . 호텔 정면에서 무료 도로 열차로 갈 수 있습니다. 이 공원에 관한 모든 것은 일류입니다.
Loro Parque,스페인,https://www.tripadvisor.co.kr/Attraction_Review-g187481-d190893-Reviews-Loro_Parque-Puerto_de_la_Cruz_Tenerife_Canary_Islands.html,"로로 두 단어-그냥가요!
나는 동물원을 좋아하지 않지만 로로 공원은 다릅니다. 그들은 걱정한다.
장소와 동물은 훌륭합니다. 쇼는 너무 재미있어서, 특히 돌고래와 오카입니다! ! 놀랄 만한"
Loro Parque,스페인,https://www.tripadvisor.co.kr/Attraction_Review-g187481-d190893-Reviews-Loro_Parque-Puerto_de_la_Cruz_Tenerife_Canary_Islands.html,"특별한 다양한 동물들이 볼 수있는 멋진 동물원. 쇼는 훌륭했다, 특히 돌고래와 오카 쇼.
다양한 음식이 닿는 다양한 식당.
영국에서 몇 년 동안 방문한 다른 동물과 달리 대부분의 동물에는 충분한 공간이 있습니다. 펭귄은 스노우 인클로저로 특히 행복해 보였습니다!

공원 / 동물원의 아래쪽에는 화장실 청소를위한 팁을 기다리는 화장실의 여성들이있었습니다. 공원에 들어가기 위해 상당한 금액을 지불 한 후에는 조금 이상하다고 생각했습니다.
다시 방문합니다."
Loro Parque,스페인,https://www.tripadvisor.co.kr/Attraction_Review-g187481-d190893-Reviews-Loro_Parque-Puerto_de_la_Cruz_Tenerife_Canary_Islands.html,아주 좋은 공원 나는 아내와 2 살짜리 아이와 함께있었습니다. 그녀에게도 많은 재미가있었습니다. 나는 특히 고릴라를 좋아하는 많은 다른 동물들 :) 무언가를 먹을 곳이 많이 있습니다.
Loro Parque,스페인,https://www.tripadvisor.co.kr/Attraction_Review-g187481-d190893-Reviews-Loro_Parque-Puerto_de_la_Cruz_Tenerife_Canary_Islands.html,"오줌 지불 공원에서 즐거운 하루를 보냈습니다. 많은 앵무새와 다른 동물들이 매우 유익한 가이드와 함께 좋은 무대 뒤 여행을했습니다. 내가 그립은 38 유로 입장료를 지불 할 때, 무대 뒤 여행을하는 경우 다른 11 유로와 당신이 먹을 음식에 소비 할 수있는 것이라면, 당신이 화장실 시설을 사용해야 할 경우, 그들이 지불 할 것으로 기대하고, 화장실이 깨끗하고 참석하지만 확실하게 승무원은 주차 또는 그들은 임금에 대한 팁에 의존합니다."
Loro Parque,스페인,https://www.tripadvisor.co.kr/Attraction_Review-g187481-d190893-Reviews-Loro_Parque-Puerto_de_la_Cruz_Tenerife_Canary_Islands.html,"아름다운 곳 우리는 성인 1 인당 € 11의 가이드 투어를 가졌지 만 작은 것을 가지고 있었으며 우리는 가늠자로 그 가치를 충분히 얻지 못했습니다. 가이드와 관련이 없습니다. 공원은 매우 훌륭하고 훌륭합니다. 주인은 특히 새에 대해 매우 열정적입니다. 나는 고릴라의 호랑이와 고래에 대해 기분이 좋지 않았다. 그러나 나는 항상 그것을한다, 그것의 끝에 동물원이다. 정말 좋은 하루입니다. 가장 저렴하지는 않지만 가격이 유지되는 것으로 알고 있습니다."
Loro Parque,스페인,https://www.tripadvisor.co.kr/Attraction_Review-g187481-d190893-Reviews-Loro_Parque-Puerto_de_la_Cruz_Tenerife_Canary_Islands.html,"자연과 환상적인 하루 잘. 거기에 무엇이 있을지 조금 궁금했다. . . 그러나 테 네리 페 식당에서 신선한 커피를 마시고 로로 파크로가는 문을 건 cross습니다. . . 잘. 수백만 마리의 앵무새, 야생 동물, 오카와 돌고래가있는 환상적인 워터 쇼. 아름다운 꽃밭, 젤리, 물고기, 말과 함께 작지만 신나는 수중 발견.

Goos 카메라, 물, 좋은 신발-10-12km 걷기 쉽습니다. 그러나 방문 할 가치가 있습니다."
Loro Parque,스페인,https://www.tripadvisor.co.kr/Attraction_Review-g187481-d190893-Reviews-Loro_Parque-Puerto_de_la_Cruz_Tenerife_Canary_Islands.html,"환상적인 공원 테 네리 페에서 휴가를 보내고 있다면 돈과 방문 가치가 있습니다. 나는이 소풍을 예약한다고 확신합니다. 처음부터 끝까지 정말 놀랍습니다.
나는 하이라이트가 돌고래와 오카 쇼라고 말하고 싶다!"
Loro Parque,스페인,https://www.tripadvisor.co.kr/Attraction_Review-g187481-d190893-Reviews-Loro_Parque-Puerto_de_la_Cruz_Tenerife_Canary_Islands.html,"테 네리 페에서 화려한 당일 치기 여행 나는 항상 동물원에 대한 예약을 가지고 있으며 그들을 피하려고 노력합니다. 아버지라는 압력이 때때로 압력을 포기해야한다는 것을 의미합니다.
우리는 Loro Parque를 매우 좋아했습니다. 매우 깨끗하고 잘 관리되어 있습니다. 동물들은 분명히 잘 돌보고 있습니다. 이 여행은 그만한 가치가 있습니다. 섬 남쪽의 전형적인 테 네리 페 방문객들에게는 종종 섬의이 부분을 놓친다는 점도 언급 할 가치가 있습니다. 그것은 아름답고, 대부분 녹색이며 산입니다. 테이 드는 해발에서도 화려한 각도에서 볼 수 있습니다."
Loro Parque,스페인,https://www.tripadvisor.co.kr/Attraction_Review-g187481-d190893-Reviews-Loro_Parque-Puerto_de_la_Cruz_Tenerife_Canary_Islands.html,"화려한 당일 치기 여행 우리는 2 월 테 네리 페 북쪽에 머물렀고, 형은 맑은 영국으로 집으로 돌아 오기 전에 이것을 마지막 여행으로 만들었습니다! !
이것은 내가 가본 가장 잘 운영되는 공원이어야하며 동물들은 행복하고 건강 해 보이며 야생에서 익숙한 환경에서 살기 위해 모든 노력을 기울였습니다. 내가 앵무새를 구출 할 때 정직하면 앵무새가 매우 약하고 조금 위험하다는 것을 알 수 있습니다. 앵무새가 얼마나 위험하고 예측할 수 없는지 알고, 어린 아이들이 그 행동에 참여하는 것이 내가 잉꼬는 트레이너 중 하나를 물었고 그녀는 아마도 귀에 구멍을내는 경향이있는 신속한 피정을해야했습니다. 그러나 나이가 든 사람은 환상적인 하루를 보내야하지만 아기 또는 노인 / 장애인이 언덕 위와 아래로 너무 많으면 지친다는 것을 알고 있습니다."
Loro Parque,스페인,https://www.tripadvisor.co.kr/Attraction_Review-g187481-d190893-Reviews-Loro_Parque-Puerto_de_la_Cruz_Tenerife_Canary_Islands.html,"하루 환상적인 하루 외출을하고, 추천하고, 택시를 타기 만하면됩니다.하지만 하루 종일 모든 공원을 탐험해야합니다."
Loro Parque,스페인,https://www.tripadvisor.co.kr/Attraction_Review-g187481-d190893-Reviews-Loro_Parque-Puerto_de_la_Cruz_Tenerife_Canary_Islands.html,"따뜻하고 즐거운 방문 공원은 잘 관리되어 있으며 동물들을 잘 돌보는 것 같습니다. 모든 동물 쇼는 훌륭했습니다. 우리는 매 순간을 즐겼습니다. 직원들은 친절했고 동물 조련사는 동물과 큰 관련이있는 것처럼 보였습니다. 전체적으로, 우리는 공원에서 멋진 하루를 보냈습니다."
Loro Parque,스페인,https://www.tripadvisor.co.kr/Attraction_Review-g187481-d190893-Reviews-Loro_Parque-Puerto_de_la_Cruz_Tenerife_Canary_Islands.html,"방문 할 가치가있는 우리는 코스타 아데 제에있는 동안 여러 친구에게 추천을 받았습니다. 우리 (성인 2 명)도 돈을 위해 가치있는 차를 대여했습니다. 코치는 각각 23e (유로스)이지만, 훌륭한 회사 인 Cicar에서 4 일 동안 107e 동안 자동차를 렌트했습니다. 수학을하십시오.
파케는 영국 동물원과 달리 멋지고 즐겁습니다. 거기서 4 시간을 보냈고, 먹이 시간에 다녀 갔다면 더 길었을 것입니다.
우리는 2 개의 5 개의 전자 식품 권을 가지고 2 개의 9 개에 대하여 그것을 사용했습니다. 95 간단한 식사. 좋은.
주차는 쉬웠다. 그리고 나는 마루의 외부의 상인에 관한 리뷰에 의해 경고 받았다. 비용 4 e.
우리는 8 직후에 출발했다. 아침에 30입니다."
Loro Parque,스페인,https://www.tripadvisor.co.kr/Attraction_Review-g187481-d190893-Reviews-Loro_Parque-Puerto_de_la_Cruz_Tenerife_Canary_Islands.html,"로로 파르 케에서의 하루 훌륭한 실행. Allrhing은 잘 조직되었습니다. 돌고래와 오카가있는 쇼는 매력적이었습니다.
어린 자녀를 둔 가정에서도 많은 흥미로운 것들을 볼 수 있습니다."
Loro Parque,스페인,https://www.tripadvisor.co.kr/Attraction_Review-g187481-d190893-Reviews-Loro_Parque-Puerto_de_la_Cruz_Tenerife_Canary_Islands.html,"좋은 경험 여기서 멋진 하루를 보냈습니다. 돌고래와 오카 고래 쇼를 보았지만 가장 인상적인 것은 바다 사자 쇼였습니다. 침팬지가 서로 놀고있는 것을 보는 것을 정말로 즐겼습니다. 큰 고릴라는 슬프게 보였다. . . 그다지 좋아하지 않았습니다 2 월에는 바쁘지 않은 스낵바 / 카페가 많았으며 가격도 괜찮 았습니다. 우리의 여가에서 돌아 다니기 위해 약 4-5 시간 걸렸다. 내가 느끼는 각각 39 유로가 비싸지 만, 그 돈을 읽는 것이 좋다는 것도 탄소 발자국을 상쇄하는 데 사용됩니다."
Loro Parque,스페인,https://www.tripadvisor.co.kr/Attraction_Review-g187481-d190893-Reviews-Loro_Parque-Puerto_de_la_Cruz_Tenerife_Canary_Islands.html,"chapeau! 성수기에는 하나의 큰 동물원에서 바다 세계와 동물의 왕국의 선이 전혀 없습니다. 잘 관리되고 전문적인 관리가 가능하며 디즈니와 같은 유명한 공원의 끝이없는 곳에서 볼 수있는 모든 것을 즐길 수 있습니다. 나는 그것을 강력히 추천합니다. 38 유로 공정한 것 같습니다. 음식은 매우 합리적으로 가격이 책정됩니다.
Chapeau"
Loro Parque,스페인,https://www.tripadvisor.co.kr/Attraction_Review-g187481-d190893-Reviews-Loro_Parque-Puerto_de_la_Cruz_Tenerife_Canary_Islands.html,"좋은 하루 보내세요. 동물원에 대해 잘 모르겠습니다. 좋은지 나쁜지? 다 끝났어요. 전 세계의 환경과 모든 생물의 자연 서식지 상실에 대해 사람들에게 가르치기를 바랍니다.
여기 공원에서는 모든 것이 잘 관리되어 있으며 상태가 매우 좋습니다. 그들은 번식 프로그램을 가지고 있으며 전세계 보존에 대해 매우 유익합니다.
공원은 귀엽다. 성인과 어린이에게 좋습니다."
Loro Parque,스페인,https://www.tripadvisor.co.kr/Attraction_Review-g187481-d190893-Reviews-Loro_Parque-Puerto_de_la_Cruz_Tenerife_Canary_Islands.html,"괜찮은 곳 우리는 TUI 패키지가없는 티켓을 미리 주문했고 점심과 투어가 포함 된 공원에서 즐거운 시간을 보냈습니다.
도착하기 쉽고 노란색 도로 열차는 무료이며 항상 여행 할 수 있습니다!
동물원은 정말로 좋았지 만, 같은 방식으로 진행되는 맵을 갖는 것이 좋았을 것입니다!
동물들은 정말 잘 보살펴졌고 모든 쇼는 훌륭했습니다!
단점은 화장실에 가고 있었고, 하녀는 화장실 사용의 특권에 대해 지불 할 것을 기대합니다. . ."
Loro Parque,스페인,https://www.tripadvisor.co.kr/Attraction_Review-g187481-d190893-Reviews-Loro_Parque-Puerto_de_la_Cruz_Tenerife_Canary_Islands.html,"천국 같은! 우리는 사랑스럽고 빠른 Puerto de la cruz의 도심에서 자유로운 급행 도로 기차 타기를 가져 갔다. 공원 입구 바로 밖에서 멈춰 도착했을 때 동양적인 모습을 보였습니다. 거기에 정글 테마가 생겼으며 다양한 동물과 명소를 쉽게 찾을 수 있습니다. 그런 조용한 곳. 고래, 돌고래, 바다 사자 쇼를 적극 추천합니다! 볼거리가 많기 때문에 구내 음식은 저렴하지만 직접 소풍 장소가 있습니다. 모든 연령대의 공원을 방문하는 것이 좋습니다."
Loro Parque,스페인,https://www.tripadvisor.co.kr/Attraction_Review-g187481-d190893-Reviews-Loro_Parque-Puerto_de_la_Cruz_Tenerife_Canary_Islands.html,하루! 절대적으로 환상적인 외출! ! 돈을 위해 가치. 놀랍게도 외출 한 동물들은 동물들을 돌 보았습니다. . . . 그냥 멋진
Loro Parque,스페인,https://www.tripadvisor.co.kr/Attraction_Review-g187481-d190893-Reviews-Loro_Parque-Puerto_de_la_Cruz_Tenerife_Canary_Islands.html,"반기 방문 훌륭한 방문, 돌고래와 오카 쇼는 훌륭했으며 모든 동물과 새는 훌륭한 상태로 보입니다. 그리고 보존 작업에 감탄해야합니다. 합리적인 가격에 좋은 카페 음식. 우리는 코치로 Adeje에서 여행했다! ! ! (디젤 연기를 흡입하는 4 1/2 시간 동안 덜걱 거리는 코치를 타고 여행하고 싶지 않다면하지 마십시오)"
Loro Parque,스페인,https://www.tripadvisor.co.kr/Attraction_Review-g187481-d190893-Reviews-Loro_Parque-Puerto_de_la_Cruz_Tenerife_Canary_Islands.html,"아주 좋아 우리는 은퇴하고 지금 그것을 보았습니다. 손자를 데리고 보존 및 동물 관리 작업을 보게됩니다. 쇼를 보는 것만으로 너무 그리워서 가이드 투어에 여분의 돈을 쓰는 것이 좋습니다. 동물 관리 및 보존에 관한 모든 비하인드 스토리를 놓치면 동물원이나 엔터테인먼트 파크에가는 것과 같습니다. 우리는 운영 극장을 보았고, 우리 뒤와 물 탱크 아래로 갔다. 물과 케이지를 청소하고 걸러서 질병을 막기위한 수백만 파운드의 장비. 우리는 또한 탱크 창문을 통해 내가 본 것 중 가장 좋은 것 중 하나 인 아기와 함께 Orca swimmimg을 보았습니다. 우리 가이드는 훌륭했고, 그녀의 지식과 설명 능력은 뛰어났습니다. 쇼는 매우 좋고 놓칠 수 없습니다. 내가 할 유일한 비판은 사자의 새장이 너무 작아서 동물의 프라이버시가 충분하지 않다고 생각했다는 것입니다.
주인은 놀라운 사람들입니다. , 수백만 명의 백만장 자들이 이익이 아닌 동물 관리 및 보존에 많은 돈을 씁니다."
Loro Parque,스페인,https://www.tripadvisor.co.kr/Attraction_Review-g187481-d190893-Reviews-Loro_Parque-Puerto_de_la_Cruz_Tenerife_Canary_Islands.html,"로로 파르 케 테 네리 페 좋은 가족의 하루. 우리는 테 네리 페의 남쪽에서 13 살에 5 살짜리와 2 살로 운전했습니다. 볼 것이 많았고 우리는 또한“비하인드 스토리”투어를했습니다. 어느 것이 유익한 지 추천합니다. Orca, Dolphin 및 Sea Lion 쇼는 재미 있고 교육적입니다. 또 다른 큰 부분은 새들이 캐노피에있는 나무 위 산책입니다.

테 네리 페에서 휴가를 가려면 꼭 방문해야합니까?"
Loro Parque,스페인,https://www.tripadvisor.co.kr/Attraction_Review-g187481-d190893-Reviews-Loro_Parque-Puerto_de_la_Cruz_Tenerife_Canary_Islands.html,검은 물고기를보고 동물원에 갔다가 고래 지느러미가 아주 작은 공간에서 무너 졌기 때문에 정말 지친 것처럼 보였습니다. 구글은 넷플릭스에서 검은 물고기 다큐멘터리를 발견했다.
Loro Parque,스페인,https://www.tripadvisor.co.kr/Attraction_Review-g187481-d190893-Reviews-Loro_Parque-Puerto_de_la_Cruz_Tenerife_Canary_Islands.html,"멋진 날 훌륭한 동물원, 테 네리 페에서 반드시 봐야합니다! 우리는 두 명의 성인이 방문, 특히 다른 쇼를 정말로 즐겼습니다. Puerto de la Cruz에서 공원까지 작은 기차가있어 매우 편리합니다."
Loro Parque,스페인,https://www.tripadvisor.co.kr/Attraction_Review-g187481-d190893-Reviews-Loro_Parque-Puerto_de_la_Cruz_Tenerife_Canary_Islands.html,"팹 데이 아웃 최고의 동물 공원 중 하나였습니다. 디스커버리 투어는 프리미엄 업그레이드로 진행되었습니다. 인당 € 26의 추가 비용이 들지만 그만한 가치가 있습니다. 이것은 우리에게 쇼의 무대 뒤에서 여행, 점심 식사와 예약 된 좌석을 안내 받았다. Faina 우리 가이드는 위대했고 당신은 그녀가 그 장소에 대한 진정한 열정을 가지고 있었고 단순한 직업 이상이라고 말할 수있었습니다. 가장 즐거웠 던 것은 동물원이 복지와 보존 정신을 과시하는 것을 두려워하지 않았다는 것입니다. 최상의 관리를 보장하기 위해 모든 인클로저 뒤에 생각이 있습니다. 오르카는보기에 놀라웠고,이 동물들이 그룹의 한 특정 구성원에게 포로가 될 우려가 있었지만, 내려 놓지 않고 생명과 가족 그룹을 주었다! 방문 할 계획이라면 하루 종일 방문하고 편한 신발을 꼭 기억하십시오!"
Loro Parque,스페인,https://www.tripadvisor.co.kr/Attraction_Review-g187481-d190893-Reviews-Loro_Parque-Puerto_de_la_Cruz_Tenerife_Canary_Islands.html,"Loro parque 푸에르토 델라 크루즈 테 네리 페 동물들이 아름답게 유지되고 모두 매우 행복합니다.
실제로 눈이 내리는 많은 새와 펭귄 집이 있습니다. 돌고래, 바다 사자, 오르카는 하루에 여러 번 보여줍니다. 내가 가장 좋아하는 것은 거대한 인클로저가 있고 세계를 소유 한 것처럼 보이는 고릴라입니다.
어린이만을위한 것이 아니라 어른을위한 경험이기도합니다"
Loro Parque,스페인,https://www.tripadvisor.co.kr/Attraction_Review-g187481-d190893-Reviews-Loro_Parque-Puerto_de_la_Cruz_Tenerife_Canary_Islands.html,"어린이와 가족을위한 필수품 우리는 손자 (1)와 손자 (2 반)와 부모, 전체 무리와 함께 Loro Parque를 방문합니다. 그것은 놀라운 날이었다. 그리고 우리는 매분 그것을 즐겼다. 작은 아이들이나 큰 아이들 중 어느 것이 더 즐거웠는지 말할 수 없었습니다. 나는 앵무새 전시회가 그렇게 눈에 띄지 않는다고 생각합니다. 우리는 당신의 눈을 사로 잡기 위해 만들어지지 않았으며 너무 많습니다. 그럼에도 불구하고 온 가족이 좋은 날이었습니다"
Loro Parque,스페인,https://www.tripadvisor.co.kr/Attraction_Review-g187481-d190893-Reviews-Loro_Parque-Puerto_de_la_Cruz_Tenerife_Canary_Islands.html,"방문 할 가치가있는 두 번 이상되었습니다. 공원은 훌륭하고 잘 조직되어 있으며 동물 생활이 풍부하고 매우 매력적입니다. 유일한 단점은 식사가 예상보다 비싸다는 것입니다. 예산이 적다면 피크닉을 즐기십시오.
아래 상자는 적절한 고객을 요구하지만 한 번의 응답 만 허용합니다. 이것은 모든 연령대에 좋습니다."
Loro Parque,스페인,https://www.tripadvisor.co.kr/Attraction_Review-g187481-d190893-Reviews-Loro_Parque-Puerto_de_la_Cruz_Tenerife_Canary_Islands.html,"로로 파르 케 테 네리 페 오늘 Loro Parque Tenerife를 방문하십시오! 그들의 기초 작업에 정말 감동했습니다! 아이들은 자신을 즐겼고, 무대 뒤에서 여행은 인상적이었습니다! 오르 카스가 해냈어! ! ! 돌고래는 그것을 흔들었다. 고릴라와 라이온은 대단했습니다
Loro Parque의 좋은 일을 계속하십시오!"
Loro Parque,스페인,https://www.tripadvisor.co.kr/Attraction_Review-g187481-d190893-Reviews-Loro_Parque-Puerto_de_la_Cruz_Tenerife_Canary_Islands.html,놀라운 가족 방문! 우리 가족과 함께한 놀라운 시간과 1 세와 3 세의 아이들은 그것을 좋아했습니다! 우리 여행의 주요 사건이었다 :) 테 네리 페에서 우리는 실망하지 않았을 때 다시 방문 할 것이다! 여행의 가치가있다!
Loro Parque,스페인,https://www.tripadvisor.co.kr/Attraction_Review-g187481-d190893-Reviews-Loro_Parque-Puerto_de_la_Cruz_Tenerife_Canary_Islands.html,훌륭한 우리는 지난해 코스타 아데 제에서 코치로 Lori Park를 방문했습니다. 즐거운 하루였습니다. 사랑스럽고 깨끗합니다. 가장 좋아하는 쇼는 앵무새였습니다. 그들은 매우 지능적이었습니다.
Loro Parque,스페인,https://www.tripadvisor.co.kr/Attraction_Review-g187481-d190893-Reviews-Loro_Parque-Puerto_de_la_Cruz_Tenerife_Canary_Islands.html,"과대 평가 테 네리 페에서는 '보아야 할 것'으로 광고되기 때문에 8 살짜리 아들과 함께 가기로 결정했습니다. 우리는 동물 공원을 좋아하기 때문에이 공원을 보게되어 기뻤습니다. 우리는 결국 조금 실망했습니다.

입구가 끝나 자마자 큰 군중이었고, 우리는 통과하기 위해 기다려야했습니다. 안타깝게도 하루 종일 공원이 붐비고 길은 좁아서 항상 '교통 체증'이 발생하기 때문에 기다려야합니다. 쇼는 기본적으로 지불하는 것입니다. 공원 자체는 그렇게 크지 않습니다. 우리는 훨씬 더 좋은 것을 보았습니다. 공연은 너무 혼잡해서 2 월에 '오프 시즌'에 왔습니다! 나는 범고래를 본 적이 없으므로 그들을 보는 것은 일종의 매혹적인 일이었습니다. 그것은 그들이 유지되는 조건에 대해 읽었고, 그들을 포로로 유지하는 것이 괜찮다면. 돌고래 쇼는 훌륭했습니다. 바다 사자와 로로 쇼는 꽤 실망 스러웠습니다. 앞에서 말했듯이, 우리는 훨씬 더 좋은 것을 보았습니다! !

우리는 결국 Gran Canaria의 Palmitos Park를 훨씬 더 좋아하고 Loro Parque에 다시 오지 않을 것이라는 데 동의했습니다. 우리는 또한 다른 여행자에게 공원을 추천하지 않았습니다."
Loro Parque,스페인,https://www.tripadvisor.co.kr/Attraction_Review-g187481-d190893-Reviews-Loro_Parque-Puerto_de_la_Cruz_Tenerife_Canary_Islands.html,"놀랄 만한 하루 종일 보내야합니다. 동물을 돌보는 아름다운 동물을 돌보는 것은 절대적인 즐거움입니다. 38 유로 입구, 다음날 13. deffinate는보아야한다!"
Loro Parque,스페인,https://www.tripadvisor.co.kr/Attraction_Review-g187481-d190893-Reviews-Loro_Parque-Puerto_de_la_Cruz_Tenerife_Canary_Islands.html,"동물원에서의 하루! 모두에게 좋은 하루, 전 세계 동물의 왕국에 대한 많은 볼거리와 정보가 있습니다. 우리는 투어를 추가로했고 각각 11 유로라는 것을 알았습니다. 들어가는 것은 € 38이었다. 그러나 우리는 그것이 우리가 도시에서 작은 기차를 얻었다라고하는 좋은 가치라고 생각했다. 그것은 자유로웠다. 그리고 가격에 4 개의 쇼가 포함되어있다. 우리는 그것을 즐겼습니다."
Loro Parque,스페인,https://www.tripadvisor.co.kr/Attraction_Review-g187481-d190893-Reviews-Loro_Parque-Puerto_de_la_Cruz_Tenerife_Canary_Islands.html,"그것을 사랑하고 싶었지만 헹구고 슬프다 고 느꼈습니까? 우리는 테 네리 페를 방문했는데 지난 번에 만들지 않았고 대신 정글 파크를 방문했습니다. 우리는 12 살과 13 살의 오늘 로로 파르 케에 가야한다고 생각했습니다. € 38 유로 각각은 약간 가파르지만 리뷰에서 가치가 있다고 생각했습니다. 슬프게도 우리는 단어 4에서 자신의 주차장에있는 Park까지 € 4를 찢어 버렸다고 느꼈습니다! 4 인을위한 € 14, 우리가 소풍을 가져다 준 좋은 감사합니다. 나는 그 경험이 그것을 보충하기를 바랐지만 슬프게도 동물들이 나를 깨뜨 렸고 영장류는 눈에 띄게 우울했고 침팬지들은 나를 위해 마음을 아프게했다. 감옥처럼 보였습니다. 사자들은 시끄러운 곳에서 멀리 떨어져있을 수 없었습니다 (수컷은 한쪽 눈을 뜨고 모든 큰 소음에서 꼬리를 튕겼습니다). 은 백이 우리에게 등을 대고 앵무새를 가장 작은 새장에 모두 앉았습니다. 믿을 수가 없었습니다! 그들은 약 2 mx 3 m 인클로저가 모두 줄을 서 있었고 비행을 할 수 없었기 때문에 곤경에 빠졌습니다!
모든 것이 깨끗하고 먹이가 많았고 직원들은 분명히 최선을 다했지만 충분한 공간이 없었으며 인간의 견해가 우선 순위였습니다.
돌고래는 놀랐고 바다 사자는했지만 오르카는 슬퍼 보였고 충분한 공간이 없었습니다.
당신이 화장실에 갔을 때 가짜 꽃을 팔기위한 팁을 애용하는 숙녀들은 거의 마지막 빨대였습니다. 그런 다음 우리 아이들은 티셔츠 또는 가격이나 라벨을 볼 수 없습니다-각각 26 €! !
와이어 커터를 가지고이 아름다운 동물들을 자유롭게 놔두지 않는 한, 이곳에 거대한 족쇄를 주겠습니다! 배신한 것 같아 정글 파크는 그다지 느끼지 못했습니다 (더 많은 공간이 필요한 사슴 제외).
오늘도 동물원에 다시 가지 않을 것 같아요?"
Loro Parque,스페인,https://www.tripadvisor.co.kr/Attraction_Review-g187481-d190893-Reviews-Loro_Parque-Puerto_de_la_Cruz_Tenerife_Canary_Islands.html,"확실히 세계 1 위의 공원 우리는 많은 동물원과 수족관에 왔습니다. 테 네리 페의 LORO PARQUE는 최고입니다. 펭귄 서식지는 믿을 수 없습니다. 동물 및 조류 인클로저는 크고 잘 관리되어 있습니다. . . 네, 동물원입니다. . . 그러나 놀라운 것. 동물들은 모두 건강하고 잘 보살펴줍니다. 이 그룹이 전 세계에서 서식지를 유지하기 위해하는 일은 환상적입니다. 그 다음 우리는 수족관의 지역을 걸었다. 그리고 그들이 산호를 키우고있는 와우. . . . 당신은 계속 놀랄 것입니다. . . 하루 종일 경험. . . 많은 걷기와 위아래로 그러나 그만한 가치가 있습니다. 많은 음식 장소와 가격이 저렴했습니다. . . 항상 자신 만의 점심과 간식을 가져올 수 있습니다. . . 길을 따라 많은 벤치."
Loro Parque,스페인,https://www.tripadvisor.co.kr/Attraction_Review-g187481-d190893-Reviews-Loro_Parque-Puerto_de_la_Cruz_Tenerife_Canary_Islands.html,"놀랄 만한 여기에서 보낸 가장 멋진 날, 절대적으로 아름다운 정원이 잘 보존되어있어 동물들이 모두보기 쉽습니다. . . 모두는 훌륭했다 & 동물은 그들이하고 있었던 것을 즐기는 것처럼 보였다. 많은 사람들이 햇볕에 쬐인 하루 일과를 마치고 호텔 수영장으로 돌아 오기를 원했기 때문에 조류 쇼를 보지 못했습니다.

테 네리 페에 있다면 반드시 외출해야합니다."
Loro Parque,스페인,https://www.tripadvisor.co.kr/Attraction_Review-g187481-d190893-Reviews-Loro_Parque-Puerto_de_la_Cruz_Tenerife_Canary_Islands.html,"위대한 가족의 날 나의 3 명의 어린 딸과 함께 방문했던 굉장한 공원, 우리는 훌륭했던 모든 쇼 (오르 카스, 돌고래, 바다 사자, 앵무새)를 보았다. 우리는 우리 표와 함께 수송을 구입했고, 오전 10 시경에 하차했고 오후 5 시까 지 픽업되지 않았습니다. 나는 우리가 할 일이나 볼거리와 매달린 것들이 부족한 것에 대해 조금 걱정했지만 전혀 그렇지 않았습니다. 나는 처음에 공원이 꽤 비싸다고 생각했지만 모든 페니의 가치가있었습니다. 정말 즐거운 하루입니다. 교육적이고 재미 있고 모든 연령대에 좋습니다!"
Loro Parque,스페인,https://www.tripadvisor.co.kr/Attraction_Review-g187481-d190893-Reviews-Loro_Parque-Puerto_de_la_Cruz_Tenerife_Canary_Islands.html,"엔터테인먼트, 휴식 및 교육. 정확히 동물원이되어야합니다. 이것은 25 년 동안 Loro Parque를 세 번째로 방문한 것으로, 여전히 동일하게 유지되는 동안 얼마나 많은 변화가 있었는지 놀랐습니다. 새로운 어트랙션이 추가되었고 (펭귄 인클로저는 고무적 임) 쇼는 풍부하고 간격이 좋으며 시간 간격이 있습니다. 동물원을 돌아 다니는 데 약 6 시간이 걸리며 모든 쇼를 볼 시간이 있습니다. Dolphin, Sealion 및 Orca 쇼는 엔터테인먼트만큼이나 많은 교육을 제공하며, 항상 '퍼포먼스'동물에 대해 걱정하고 있지만, 동물이하고 싶지 않다면 강제하지 않았다는 것이 매우 분명했습니다. (3 마리의 바다 사자 중 하나가 지루 해져 공연의 나머지 부분을 헤엄 치기로 결정했습니다). 그들은 또한 사람들에게 그들의 생물 다양성을 인식하게하고 있으며, 멸종 위기에 처한 종들을 키우고 싶어합니다. 그들의 새로운 오카 중 하나는 홀로 발견되어 야생에서 영양 실조를 받았고 안전을 위해 그곳으로 가져 왔으며 이후 귀머거리로 발견되었습니다. 그녀는 그 후 송아지를 낳았으며 엄마와 아기 모두 바깥 수영장에서 놀 수 있습니다. 먹고, 마시고, 걷고, 앉아 있고, 긴장을 풀고, 동물의 범위는 엄청나 다. 방문할만한 가치가 있습니다."
Loro Parque,스페인,https://www.tripadvisor.co.kr/Attraction_Review-g187481-d190893-Reviews-Loro_Parque-Puerto_de_la_Cruz_Tenerife_Canary_Islands.html,"로로 파르 케 우리는 하루를 여기에서 보냈고 너무 재미있었습니다. 볼거리와 먹을 곳. 아름답게 보이는 앵무새가 있었고 수족관에는 엄청난 양의 펭귄, 물개, 상어 및 다양한 물고기가있었습니다. 원숭이, 유인원, 사자 등 야생 동물도있었습니다.
다음에 방문 할 때 다시 방문 할 가치가 있습니다.
테 네리 페."
Loro Parque,스페인,https://www.tripadvisor.co.kr/Attraction_Review-g187481-d190893-Reviews-Loro_Parque-Puerto_de_la_Cruz_Tenerife_Canary_Islands.html,"동물원에서의 하루 잘 디자인 된 시설. 수생 디스플레이와 펭귄 인클로저는 인상적이라고 생각했습니다. 다른 동물, 일부 앵무새와 사자와 호랑이에 대한 인클로저, 그리고 살아있는 바다 사자 / 돌고래 쇼에 불편한 v. 그것은 야생에서 일어나는 일이 아닙니다. . . . 동물원에 가서 센터로 돌아가는 동물원 열차는 무료입니다. 38 유로의 비용은 가파르다"
Loro Parque,스페인,https://www.tripadvisor.co.kr/Attraction_Review-g187481-d190893-Reviews-Loro_Parque-Puerto_de_la_Cruz_Tenerife_Canary_Islands.html,"적극 추천합니다! 나는 Playa Americas에서 환상적인 당일 치기 여행을했습니다. 동물원은 매우 깨끗하고 모든 동물은 사랑스러운 인클로저로 잘 처리 된 것처럼 보입니다. 또한 이곳의 모든 식당조차 매우 스페인적이고 고급스럽고 잘 디자인되어 있습니다.
나를위한 주요 사건은 물론 범고래, 훌륭한 쇼였습니다. 하루 종일 앉아서 앉아서 볼 수는 없습니다. 돌고래 쇼도 훌륭합니다. 나는 고릴라와 펭귄 인클로저도 즐겼습니다. 나는 아이들을위한 좋은 공원이 몇 개 있다는 것을 기억하는 것 같습니다.
팁, 도로를 돌아 다니면서 저렴한 물을 얻으십시오. 버스를 타고 가면 las americas까지 약 2 시간이 걸립니다. 당신이 그룹에 있다면 아마도 자동차를 예약하기가 훨씬 쉬울 것입니다! 또한 공식 웹 사이트를 통해 환승을 예약했습니다. 그것은 켜지지 않았고 주어진 숫자가 작동하지 않았습니다. 도착시 호텔을 통한 환승을 예약하는 것이 좋습니다.
즐겨!"
Loro Parque,스페인,https://www.tripadvisor.co.kr/Attraction_Review-g187481-d190893-Reviews-Loro_Parque-Puerto_de_la_Cruz_Tenerife_Canary_Islands.html,"로로에서의 생일 우리는 내 50 번째 생일에 2 월 6 일에 공원을 방문했으며 오늘을 분명히 기억할 것입니다.
내 조언은 먼저 모든 쇼를 방문한 다음 나머지 시간을 다른 모든 지역을 방문하여 동물을 보는 것입니다.
또한 동물원과 이런 종류의 동물 공원에 반대하는 동물 애호가들에게 상기시켜 줄 것입니다. 이런 유형의 공원과 동물원이 존재하지 않으면 많은 동물들이 오래 전에 멸종했을 것입니다. 인류는 모든 종 중에서 가장 잔인하며, 우리가이 동물들을 돌보는 공원이 없다면, 사진을 제외하고는 어떻게 생겼는지 알 수 없을 것입니다.
저의 모든 존경심은 로로 파크와 모든 직원에게 있습니다. 말 그대로 그들과 동물 사이의 유대를 볼 수 있습니다. 우리는 바다 사자와 돌고래 쇼를 즐겼다. 그러나 Orcas, 오 세상에, Orca 쇼는 정말로 나에게 도착했다. 모두 축하합니다. 관리인과 오르카가 상호 작용하는 방식으로 인간 만이 서로 상호 작용을한다면,이 세상은 참으로 놀라운 세상이 될 것입니다."
Loro Parque,스페인,https://www.tripadvisor.co.kr/Attraction_Review-g187481-d190893-Reviews-Loro_Parque-Puerto_de_la_Cruz_Tenerife_Canary_Islands.html,"거의 완벽 우리 가족은 이것을 좋아했습니다! 아름다운 동물, 환경과 책임에 관한 많은 사실과 정보. 현대 가족을위한 완벽한 활동. 직원들은 친절하고 전문적입니다.
단점은 나쁜 서비스, 불에 탄 음식 및 비싼 가격으로 레스토랑이었습니다."
Loro Parque,스페인,https://www.tripadvisor.co.kr/Attraction_Review-g187481-d190893-Reviews-Loro_Parque-Puerto_de_la_Cruz_Tenerife_Canary_Islands.html,펭귄 절대적으로 멋진 동물원. 잘못하지 못했습니다. 할 일이 많고 아름답게 깨끗합니다. 모든 동물은 깨끗하게 유지되고 행복해 보입니다. 펭귄 지역은 특히 훌륭했다. 좋은 일을 유지
Loro Parque,스페인,https://www.tripadvisor.co.kr/Attraction_Review-g187481-d190893-Reviews-Loro_Parque-Puerto_de_la_Cruz_Tenerife_Canary_Islands.html,"하루 우리는 2 월 10 일에 여기를 방문했으며 말할 수있는 것은 환상적인 하루였습니다. 공원은 좋고 깨끗했고 잘 보살펴주었습니다. 너무 바쁘지 않아서 점심 식사 자리를 찾고 공연을 볼 수있었습니다. 그것은 우리에게 각각 38 유로의 비용이 들었고 우리는 6 1/2 시간을 보냈다.
섬의 북쪽에 있다면 방문을 권장합니다."
Loro Parque,스페인,https://www.tripadvisor.co.kr/Attraction_Review-g187481-d190893-Reviews-Loro_Parque-Puerto_de_la_Cruz_Tenerife_Canary_Islands.html,"사랑스러운 하루, Orca, Dolphin 및 Sea Lion 쇼를 즐겼습니다. 우리는 Loro Parque에서 즐거운 하루를 보냈습니다. 잘 배치되어 있으며 오카, 돌고래 및 바다 사자와 함께 쇼를 보는 것이 좋았습니다. 모든 사람들은 포로 상태의 동물에 대해 다른 의견을 가지고 있지만 공원은 분명히 야생 동물 보호와 그들이 가지고있는 동물을 돌보는 데 관심이 있습니다. 앵무새, 흰 호랑이, 고릴라 등이 많이 있습니다. 놀라운 수족관 섹션과 펭귄 지역도 있습니다."
Loro Parque,스페인,https://www.tripadvisor.co.kr/Attraction_Review-g187481-d190893-Reviews-Loro_Parque-Puerto_de_la_Cruz_Tenerife_Canary_Islands.html,"환상적인 나는 보통 동물원을 좋아하지 않습니다. . 여기서부터 시작하겠습니다.하지만이 곳은 아름답고 동물은 너무나 사랑 받고 돌봐줍니다. 가치가 없다면 디스커버리 투어를 떠나보세요. 전반적으로, 훌륭하고, 돌아 오기를 기다릴 수 없습니다."
Loro Parque,스페인,https://www.tripadvisor.co.kr/Attraction_Review-g187481-d190893-Reviews-Loro_Parque-Puerto_de_la_Cruz_Tenerife_Canary_Islands.html,좋은 곳 가족과 함께 가면서 즐거운 시간을 보낼 수있는 멋진 공원입니다. 정말 좋아 !
Loro Parque,스페인,https://www.tripadvisor.co.kr/Attraction_Review-g187481-d190893-Reviews-Loro_Parque-Puerto_de_la_Cruz_Tenerife_Canary_Islands.html,"방문하기 좋은 곳, 웅장한 부지 이곳이 가장 저렴한 곳은 아니지만, 그 안에 웅장한 지역이 있으면 압도 될 것입니다. 가짜 눈, 고릴라 울안, 새, 호랑이, 개미 먹는 사람이 우리가 본 몇 마리의 동물의 이름을 가진 펭귄을위한 환상적인 지역이 있습니다. 그것은 잘 유지되고 자연 환경에서 동물을 잘 돌보아줍니다. 다음에 테 네리 페에 갈 때 다시 돌아갈 것입니다. 정말 멋진 경험입니다."
Loro Parque,스페인,https://www.tripadvisor.co.kr/Attraction_Review-g187481-d190893-Reviews-Loro_Parque-Puerto_de_la_Cruz_Tenerife_Canary_Islands.html,"펭귄, 앵무새, 아이들 나는 주로 앵무새를 갔지만 필연적으로 잘 유지 된 펭귄의 식민지를 훨씬 더 매력적으로 발견했습니다. 1에 포함되기 위해 추가로 11 유로를 지불 할 가치가있었습니다. 보존 및 교육과 관련된 중요한 연구 활동이있는 대규모 공원에서 가장 중요한 일부 지역의 5-2 시간 가이드 투어 (영어). 나는 수중 공연에 신경 쓰지 않았지만 전체로서의 장소는 분명히 종일 행사입니다. 매우 다양합니다. 고릴라 인클로저도 있습니다."
Loro Parque,스페인,https://www.tripadvisor.co.kr/Attraction_Review-g187481-d190893-Reviews-Loro_Parque-Puerto_de_la_Cruz_Tenerife_Canary_Islands.html,"문서 ""블랙 피쉬""를 볼 때 로로 파르 케를 방문하지 않을 것입니다. 슬프게도 나는 orcas가 사는 조건을보기 전에 거기에있었습니다.
나는 당신이 이곳을 방문하기 전에 도큐 멘터 리 ""블랙 피쉬 (Blackfish)""를 선택하기 위해 eyeryone을 강력히 추천한다.
범고래는 너무 필사적이어서 그들 중 일부는 트레이너를 죽이는 것을 끝내야합니다. 슬프게도, 이것은 Loro Parque Tenerife에서도 일어났습니다."
Loro Parque,스페인,https://www.tripadvisor.co.kr/Attraction_Review-g187481-d190893-Reviews-Loro_Parque-Puerto_de_la_Cruz_Tenerife_Canary_Islands.html,"조금 흥미롭지 않은 쇼가있는 아름다운 공원 공원은 매우 아름답고 많은 재미있는 동물과 수족관이 있습니다. 그러나 쇼는 우리가 시도한 다른 유사한 경험에 비해 약간 흥미롭지 않았습니다. 지. 앙 티브의 마린 랜드. 공원은 또한 플라스틱 폐기물, 환경 문제 및 해변에서 돌고래를 찾으면해야 할 일에 너무 집중합니다."
Loro Parque,스페인,https://www.tripadvisor.co.kr/Attraction_Review-g187481-d190893-Reviews-Loro_Parque-Puerto_de_la_Cruz_Tenerife_Canary_Islands.html,"최고의 절충점 x 내가 가본 최고의 동물원이나 동물 공원과 쇼는 실제로 잘 관리되고 돌보는 것처럼 보입니다. 저는 포로가 아니라 바다를 향한 세계가 50 년 안에 비워 질 방식입니다. 그러나 어떤 장소와 쇼가 훌륭합니다. 프로는 방대하고 하루 종일 가치가 있습니다. 프리미엄 투어를하는 것이 가장 좋습니다. 당신은 그것으로 15 유로 저녁 식사를 얻는다. 공연뿐만 아니라 예약석.
테 네리 페에 있다면이 곳을 그리워 할 수 없습니다.

x를 즐기십시오"
Loro Parque,스페인,https://www.tripadvisor.co.kr/Attraction_Review-g187481-d190893-Reviews-Loro_Parque-Puerto_de_la_Cruz_Tenerife_Canary_Islands.html,"어떻게 사랑하지 않아 공원을 10 년 동안 6 번 방문한 후에는 결코 늙지 않습니다. 볼거리와 할거리가 많고, 나이가 많든 젊든 모두 볼거리가 있습니다. 나는 펭귄 섹션에서 얼음의 벽을 좋아하고 내 husbnads 좋아하는 비트가 도중에 물고기였다. 다리에 쉽게 걸리지 않아 휠체어가 핀에 좋지 않은 경우 도움이 될 수 있습니다."
Loro Parque,스페인,https://www.tripadvisor.co.kr/Attraction_Review-g187481-d190893-Reviews-Loro_Parque-Puerto_de_la_Cruz_Tenerife_Canary_Islands.html,"동물들 사이에서 놀라운 하루 나는이 공원이 절대적으로 훌륭하다는 것을 알았습니다. 내 친구와 나는 푸에르토 드 라 크루즈의 시내 중심가에서 무료 기차를 탔습니다. 도착했을 때 우리는 11 유로의 가치가있는 디스커버리 투어 비용을 지불하기로 결정했습니다. 우리의 가이드는 네덜란드에서 왔으며 공원에 대한 흥미로운 사실들과 그 기원과 공원이 환경과 지구의 동물 보호를 위해 무엇을하는지에 대한 훌륭한 가이드 투어를 제공했습니다. 당신은 그 장소가 잘 관리되고, 새장이 깨끗하고, 동물이 매우 만족스럽고 행복해 보이며, 장애인 (부분적으로 마비되거나 귀머거리 등)을 입양 한 동물은 놀랍습니다. 공연하는 동물은 절대로 그 일을하고 싶지 않다면, 그 날에 놀고 싶지 않다면, 쇼를하지 않고, 사람들이 자기들을보고 사진을 찍을 수 있도록 자기 숙소를 떠나지 않아도됩니다. . 우리는 음식을 가져올 수 있었지만 음식 가격은 매우 합리적이었습니다. 내가 체크 아웃하지 않은 유일한 장소는 우리와 함께 아이들이 없었기 때문에 친절한 공원이었습니다. 나는 이곳을 강력히 추천하며 테 네리 페로 돌아 가면 다시 방문하여 방문 할 것입니다."
Loro Parque,스페인,https://www.tripadvisor.co.kr/Attraction_Review-g187481-d190893-Reviews-Loro_Parque-Puerto_de_la_Cruz_Tenerife_Canary_Islands.html,"멋진 동물원 여기에 보낸 시간 이후에 방문 한 모든 동물원은 실망 스럽습니다. 입구에는 태국 궁전 느낌이 있습니다. 태국 왕족에 의해 열렸습니다. 펭귄 집, 당신은 움직이는 보도로 들어갑니다. 바닥에서 천장까지 구부러진 반원형 아크릴 벽을 가진 건물은 물이 유리 위로 반쯤 올라가서 많은 종류의 펭귄이 수영하는 것을 보았습니다. 위에는 눈이 퍼지는 파카 재킷을 입은 직원이있는 자연 암석층입니다. 천장에서 움직이는 산책로의 계단과 한두 단계 위로 올라가 앉을 수 있으며 다른 방문객의 머리 위로보기를 즐기고 로프에 매달려있는 일반적인 타이어가있는 케이지가 아닌 고릴라의 전망을 즐길 수 있습니다. 그러나 유리판 뒤에있는 언덕 전체, 자연 서식지에 가까우면서도 여전히 경외감을 느끼고 있습니다. 카나리아 제도에서 수백 개의 다른 동물을 볼 수 있다면 방문 할 가치가 있습니다. 너무,"
Loro Parque,스페인,https://www.tripadvisor.co.kr/Attraction_Review-g187481-d190893-Reviews-Loro_Parque-Puerto_de_la_Cruz_Tenerife_Canary_Islands.html,"놀라운 하루 나의 다른 반과 나는 지금, 1 월과 2 월의 두 번 있었다. 우리는 처음으로 개인 여행을했지만 너무 서두르 게 느껴서 추천하지 않습니다. 우리는 훨씬 더 우리 자신의 페이스로 걷는 것을 즐겼습니다. 오카 쇼는 최고의 공연 중 하나이지만 다른 모든 것들도 즐겼습니다. 볼거리와 할거리가 많으며 멋진 레스토랑, 바, 상점이 있습니다."
Loro Parque,스페인,https://www.tripadvisor.co.kr/Attraction_Review-g187481-d190893-Reviews-Loro_Parque-Puerto_de_la_Cruz_Tenerife_Canary_Islands.html,오르카에 대한 수치심 우리가 매우 즐거운 하루를 보냈지 만 Orcas가 공원에 보관되어 있다는 사실로 인해 나를 망친 큰 공원. 나는 Orcas가 포로 상태에 있지 않아야하고 Loro Park와 Seaworld가이 잔인한 관행을 계속해서 속이는 것을 강요해서는 안된다는 것이 널리 받아 들여지고 있습니다.
Loro Parque,스페인,https://www.tripadvisor.co.kr/Attraction_Review-g187481-d190893-Reviews-Loro_Parque-Puerto_de_la_Cruz_Tenerife_Canary_Islands.html,"큰 놀라움 매우 흥미로운 날. 나는 다양한 동물과 조류에 놀랐습니다. 사자 봉지가 작다고 생각했지만 다른 동물들은 괜찮은 것 같았습니다. orcas는 훌륭했다. 그리고 우리는 매우 흥미있는 발견 여행을했다. 점심은 비싸지 않았고, 나무 비둘기는 우리의 좋은 친구가되어 간식을 요구했습니다. 우리는 그곳에서 7 시간을 보내고 정말 빨랐습니다. 좋은 날."
Loro Parque,스페인,https://www.tripadvisor.co.kr/Attraction_Review-g187481-d190893-Reviews-Loro_Parque-Puerto_de_la_Cruz_Tenerife_Canary_Islands.html,"좋은 하루 정말 좋은 하루, 쇼는 유머와 동물에 대해 더 많이 배우면서 잘 이루어집니다. 당신은 동물과 트레이너 사이의 유대를 볼 수 있습니다. 공원은 멋지게 퍼져 있지만 멀지도 않습니다.

식량 가격도 설정에 꽤 괜찮습니다.

남쪽에서 여행하는 경우 자동차를 렌트하면 쉽게 운전할 수 있으며 현장에 주차 할 수 있습니다. 코치는 약 2-2를 차지합니다. 편도 5 시간."
Loro Parque,스페인,https://www.tripadvisor.co.kr/Attraction_Review-g187481-d190893-Reviews-Loro_Parque-Puerto_de_la_Cruz_Tenerife_Canary_Islands.html,"흡연 공원 동물 종, 훌륭한 동물 쇼 (돌고래, 범고래, 바다 사자, 앵무새) 및 동물원 설치에 중점을 둔 매우 좋은 공원.

불행하게도 공원 내부의 사람들의 흡연은 나를위한 경험을 망쳤습니다. 공원은 흡연 구역을 지정했지만 나머지 공동 구역과 같은 방식이며 금연 구역에서는 금연을 시행하지 않습니다. 또한 특정 서비스 (레스토랑) 지역에서의 흡연도 허용합니다. 나는 내가 떠날 때까지 공원에 들어온 이후 기본적으로 담배 냄새가 난다."
Loro Parque,스페인,https://www.tripadvisor.co.kr/Attraction_Review-g187481-d190893-Reviews-Loro_Parque-Puerto_de_la_Cruz_Tenerife_Canary_Islands.html,대니 싱 이것은 필수 여행입니다. 돈과 볼거리에 대한 절대적으로 훌륭한 가치. 정말 잘 정리되어 있고 하루 종일 즐거운 하루입니다.
Loro Parque,스페인,https://www.tripadvisor.co.kr/Attraction_Review-g187481-d190893-Reviews-Loro_Parque-Puerto_de_la_Cruz_Tenerife_Canary_Islands.html,"앵무새와 바다 생활을 좋아한다면 놀랍습니다. 환상적인 atrraction 및 필수 보존 작업. 앵무새의 놀라운 범위. 범고래, 돌고래, 바다 사자 쇼는 환상적이었습니다. 여행 가이드는 훌륭했습니다. 방문할만한 가치가 있습니다."
Loro Parque,스페인,https://www.tripadvisor.co.kr/Attraction_Review-g187481-d190893-Reviews-Loro_Parque-Puerto_de_la_Cruz_Tenerife_Canary_Islands.html,"좋지만 가장 좋은 말은하지 않습니다! 우선 우리는 공원으로 차로 갔다. 그리고 우리가 주요 도로에 들어 왔을 때 흔드는 사람들이 주차장을 가득 채우고 우리에게 길을 보냈다. 우리는 주차하고 나갔다. 그리고 남자는 € 5를 말했다, 나는 당신이 길에서 주차를 위해 나를 청구하는 방법과 같지 않았다. 차를 그곳에두고 싶지 않아서 차를 옮기고 길 아래로 조금 주차했습니다. 우리가 공원에 도착하면 주차장이 가득하지 않았고 € 4였습니다. (거리 주차 공간이 많았습니다). 그래서 기회를 조심하십시오. 시암 파크에 도착한 후 € 10 할인 된 전단지가 있었지만 제대로 읽지 않았으므로 시암에서 티켓을 구입해야합니다. 나는 나 자신과 격노했다. 성인 2 명과 어린이 1 인당 € 102였습니다.

오늘은 좋은 공원이었고 매우 깨끗했습니다. 이전 포스터는 고래 수영장이 훨씬 클 수 있다고 말했듯이 다른 동물원만큼 크지 않지만 쇼는 좋았습니다. 다른 인클로저의 일부는 매우 작았으며 공원은 내가 예상했던 것보다 크지 않았습니다. 나는 정직하고 그것이 돌아올 것이라고 생각하지 않는 것 (각각 € 10을 저축하면 좋았을 것입니다)에 대해 그 비용이 꽤 비싸다고 느낍니다. Benidorm에있는 것은 훨씬 더 크며 또한 아이들을위한 놀이 공원이 더 많았습니다. 우리는 € 36 동안 ok, 3 개의 식사와 주스를 먹었다."
Loro Parque,스페인,https://www.tripadvisor.co.kr/Attraction_Review-g187481-d190893-Reviews-Loro_Parque-Puerto_de_la_Cruz_Tenerife_Canary_Islands.html,"하루 종일 리조트에서 무료 기차. 바쁘게 가기 전에 모든 쇼를 일찍 가져 가야했습니다. 바다 사자, 새, 돌고래 및 오카는 모두 매우 좋습니다. 펭귄은 독특한 실내 아이슬란드에 있습니다. 우리는 그것을 매우 즐겼습니다."
Loro Parque,스페인,https://www.tripadvisor.co.kr/Attraction_Review-g187481-d190893-Reviews-Loro_Parque-Puerto_de_la_Cruz_Tenerife_Canary_Islands.html,범고래가 슬프다 !! 나는 긍정적으로 시작할 것입니다. 아름다운 공원입니다. 많은 동물들이 잘 보살펴주었습니다. 직원은 정말 좋습니다. 돌고래 쇼는 믿어지지 않았다. 직원과 돌고래가 가진 사랑의 유대를 볼 수 있습니다. 아기도보고 사랑 스러웠습니다. 봉인 쇼도 재미있었습니다. 나를위한 개인적인 주요 사건은 당신이 많은 젤리 물고기를 통과하는 고래 쇼 이전에 있었다. 그리고 그들 중 일부는 단지 믿어지지 않는다! ! 당신이 실험실 지역의 종류를 매우 면밀히 보면 당신은 물을 통해 아기의 작은 점을 볼 수 있습니다. 엄청나고 아름답습니다. 전에는 다양한 종류의 해파리를 본 적이 없습니다. 이제 나쁜 일입니다. '샤무 쇼'는 2 개의 대형 수영장에서 7 ~ 8 개의 풀 사이즈 킬러 고래를 세었습니다. 그들은 또한 포로 상태에서 또 다른 아기를 빵으로 만들었습니다. 이것은 희미 해지기위한 것입니다. 고래가 실제로 구출 된 것처럼 구출되어 바다에서 가져 오지 않은 경우 고래가있는 것을 완전히 이해합니다. 그러나 진지하게이 2 개의 탱크가 7 또는 8을 신경 쓰지 않는 것보다 더 많은 공간이 필요합니다. 나는 고래 등 지느러미가 구부러진 것을 보았다. 이것은 자연적인 먹이 (해동 된 모든 물고기)와 충분한 공간이 없기 때문입니다. 기본적으로 그들은 슬프고 불행하며 이것으로 번식하고 있습니다. 그야만적이고 정말 나에게 혼합 또는 분노와 슬픔을 만들었습니다. 최악의 사실은 대부분의 사람들이 수영장에서 오랫동안 포로 상태를 유지하면서 야생에서 살아남을 수 없다는 것입니다. 아기는 야생에 갈 기회가 있지만 그렇지 않습니다. 그들은 다른 사람들과 함께 살면서 공연을 계속할 것입니다. 수영장은 현재보다 100 배 더 커야하므로 조금 더 잘 처리 할 수 있습니다. Loro Parque에서 나의 경험을 정직하게 망쳤습니다.
Loro Parque,스페인,https://www.tripadvisor.co.kr/Attraction_Review-g187481-d190893-Reviews-Loro_Parque-Puerto_de_la_Cruz_Tenerife_Canary_Islands.html,"하루 종일 동물원보다 훨씬 더, 공원은 놀라운 역사를 가진 전체 보존 구역입니다. 아름답게 꾸며져 가족들에게 완벽한 쇼는 훌륭하고‘나무 꼭대기’의 전체 개방형은 놀랍습니다. 우리는 6을 위해 거기에 있었다. 5 시간. 훨씬 저렴해서 비행기를 타기 전에 온라인으로 예약하십시오."
Loro Parque,스페인,https://www.tripadvisor.co.kr/Attraction_Review-g187481-d190893-Reviews-Loro_Parque-Puerto_de_la_Cruz_Tenerife_Canary_Islands.html,"우수한 동물원 장소는 거대하고 매우 접근하기 쉽고 깔끔하게 설계되었습니다. 전체의 장소는 매우 깨끗하고 잘 관리 된 것으로 보이며 동물들은 잘 보살 피고 잘 보살펴줍니다.
기린, 얼룩말 등과 같은 일반적인 동물원 동물이 부족하지만 앵무새, 오카 등을 전시하는 특별 쇼와 함께 제공 할 수있는 것 이상이 있습니다.
온 가족이 하루를 채우기에 충분합니다.

아마도 우리의 경험에서 비롯된 유일한 단점은 내부에서 제공되는 음식이 다소 비싸고 좋지 않기 때문에 집에서 가져 오는 것이 더 좋습니다."
Loro Parque,스페인,https://www.tripadvisor.co.kr/Attraction_Review-g187481-d190893-Reviews-Loro_Parque-Puerto_de_la_Cruz_Tenerife_Canary_Islands.html,"환상적인 동물원을 놓치지 마세요? 공원 입장은 빠르고 쉬웠으며, 9시 30 분은 동물들이 잘 생각하고 자연 환경에 살며 공원 관리가 많이 보였습니다. 테 네리 페에 방문해야합니다?"
Loro Parque,스페인,https://www.tripadvisor.co.kr/Attraction_Review-g187481-d190893-Reviews-Loro_Parque-Puerto_de_la_Cruz_Tenerife_Canary_Islands.html,"여전히 매끄럽고 잘 관리됩니다 우리는 20 년 동안 Loro Park를 방문했으며 아마도 10 년 만에 처음으로 방문했습니다. 평일은 물론 공휴일을 제외하고는 조용히 조용했습니다. 그래서 우리는 붐비거나 계속 움직이라는 압력을 느끼지 않고 더 큰 동물들을 서서 볼 수있었습니다. 나는 동물원을 방문하는 것에 대해서도 모호하지만 Loro의 복지 수준 m은 매우 높고 고릴라, 침팬지, 눈 호랑이 및 사자는 지루하지만 건강 해 보였습니다. 우리는 오카, 돌고래 및 바다 사자 쇼를 보았지만 관객 교육과 동물의 온화한 요구에 중점을 두어 쇼가 계속 매끄럽게 진행되고 있습니다."
Loro Parque,스페인,https://www.tripadvisor.co.kr/Attraction_Review-g187481-d190893-Reviews-Loro_Parque-Puerto_de_la_Cruz_Tenerife_Canary_Islands.html,"놀랍게도 좋은 방법으로! 로로 파르 케 (Roro Parque) 섬 전체에 광고가 많으며 광고에서 최상급 광고를 지속적으로 사용하는 것은 ""최고의""애완 동물입니다.

그러나 나는 그것이 정말로 아름다운 곳이라고 말해야합니다. Loro Parque는 매우 깨끗하고 관리가 잘되어 있으며 동물을위한 비용을 들이지 않고 높은 수준의 직원이있는 것으로 보입니다. 일단 안으로 들어가면 각각 11 유로의 티켓을 팔아서 장면 뒤편으로 가려고합니다. 우리는 상향 판매에 빠졌다. 그러나 나는 매우 기뻤다. 우리의 가이드 Daura는 그녀의 직업에 대해 매우 지식이 많고 열정적이었습니다. Loro Parque의 모든 것에 대한 그녀의 열정은 전염성이 있었고 11 유로가 잘 소비되었습니다.

공원은 꽤 구릉입니다. 이 점에서 공간을 매우 영리하게 사용하는 것에 감사했습니다. 많은 장소가 많은 계단이나 가파른 경사면에 의지하지만 Loro Parque는 공원을 쉽게 탐색하고 접근 할 수 있도록 많은 생각을 기울였습니다. 좋은 걷기 (또는 휠체어 / 휠체어에서 휠링!) 경험을 염두에 두십시오.

내부 나침반이 잘 갖추어져 있지 않아서 여기서 길을 잃기 쉽다는 것을 알았습니다. 그러나 항상 새롭고 흥미로운 것을 발견하게 된 유쾌한 잃어버린 종류였습니다.

우리는 하루를 완전히 지 쳤고, 공원을 걸어 다니면서 운동량을 확실히 얻었습니다.

동물 쇼-나는 이것을 위가 어렵다고 생각했지만 실제로 그들은 훌륭했습니다. 나는이 공원이 운영하는 투명성, 거의 너무 많은 점까지, 그들은 많은 반대를 분명히 받았으며, 이것이 개방적이고 책임을지게 만들었습니다. 이것은 내가 생각하고 확실하게 그들의 관리에있는 동물."
Loro Parque,스페인,https://www.tripadvisor.co.kr/Attraction_Review-g187481-d190893-Reviews-Loro_Parque-Puerto_de_la_Cruz_Tenerife_Canary_Islands.html,"그것을 사랑!! 우리는 4 살짜리를 하루 동안 여기에 가져 갔고 돈 가치가있었습니다. 입장료와 코스타 아데 제 호텔에서 약 1 시간 20 분 거리에있는 호텔에서 113 유로가 소요되었습니다.
각 쇼마다 충분한 공간이 있었고 그들은 놀랍습니다! ! ! 나는 재미 있기 때문에 오르카 쇼의 스플래시 존에 앉아있는 것이 좋습니다. 우리는 웃지 않았다.
개인적으로 나는 많은 동물들이 있다고 생각하지 않았고 (또는 예상했던 것보다 적었습니다) 각 ""지역""사이를 상당히 걸어 다니는 것이었지만 동물 뒤에 숨겨진 이야기를 듣는 것이 좋았습니다. 나는 그들이 얼마나 좋았는지 3 쇼를보기 위해 우리가 지불 한 돈을 정직하게 지불했을 것입니다. 평생 동안 우리와 함께 할 것입니다. 우리는 좋은 비디오와 사진을 추억으로 얻을 수있을만큼 가까워졌습니다. 음식 가격도 나쁘지 않았습니다. 우리는 약 14 €의 점심을 위해 각각 바게트와 칩을 공유했습니다. 50 €는 더운 날에 거래이며 매우 상쾌했습니다.
테 네리 페를 방문하고 여기를 방문 할 수있는 위치에 있다면 모든 연령대에 추천합니다! ! !"
Loro Parque,스페인,https://www.tripadvisor.co.kr/Attraction_Review-g187481-d190893-Reviews-Loro_Parque-Puerto_de_la_Cruz_Tenerife_Canary_Islands.html,"또 다른 놀라운 방문 로로 파르 케 앵무새를 좋아한다면 세계에서 가장 큰 앵무새 컬렉션을 보유해야합니다. 그러나 돌고래, 바다 사자, 살인자 웨일즈 및 다른 동물을 아주 잘 선택하여 잘 추천하고 돈을 위해 가치있는 모든 것을 볼 수있는 좋은 하루가 필요하다는 것을 알 수 있습니다."
Loro Parque,스페인,https://www.tripadvisor.co.kr/Attraction_Review-g187481-d190893-Reviews-Loro_Parque-Puerto_de_la_Cruz_Tenerife_Canary_Islands.html,"좋은 연구 작업, 포로 동물의 구식 디스플레이 이 동물원에서 수행 된 연구는 훌륭하지만, 비좁은 환경에서 많은 포로 동물을 보임으로써 돈을 키우는 방법은 정말 의문의 여지가 있습니다. 특히 매우 큰 오르카 (범 고래)는 그들의 일을 즐기고있는 것처럼 보입니다. 쇼 사이의 오랜 기간이 보커를 운전하는 것처럼 보이며, 내 자신의 사진은 치아를 비정상적으로 착용하는 다양한 물건을 씹어 치아가 심하게 마모되어 치아 문제를 일으키고 감염을 일으킬 수 있음을 보여줍니다.
다른 동물들은 다소 행복해 보이지만 상대적으로 작은 새장도 부적절 해 보이지만 일부 카나리아 거주자들이 애완용 카나리아를 갇히게하는 새장보다 확실히 더 큽니다."
Loro Parque,스페인,https://www.tripadvisor.co.kr/Attraction_Review-g187481-d190893-Reviews-Loro_Parque-Puerto_de_la_Cruz_Tenerife_Canary_Islands.html,"로로 파크 테 네리 페 좋은 장소, 좋은 시간 아주 좋은 쇼.
모든 가족을 위해 걸어 다니는 멋진 5 시간. 권장 사항은 시암 워터 파크에 대한 트윈 티켓 할인을 구매하는 것입니다."
Loro Parque,스페인,https://www.tripadvisor.co.kr/Attraction_Review-g187481-d190893-Reviews-Loro_Parque-Puerto_de_la_Cruz_Tenerife_Canary_Islands.html,"놀랄 만한 EXCELLENT보다 더 이상 말할 수 없으며 2 일 반품 방문 티켓을받을 가치가 있습니다. 보존 작업은 믿을 수 없을 정도로 많은 동물 종과 4000 종 이상의 앵무새입니다. 많은 좌석 공간, 음식 콘센트 및 매우 깨끗한 화장실. 라이브 쇼는 훌륭했고 돌고래, 바다 사자 및 오카 고래는 일대일로 훈련되었으며 포유류에 대한 사랑과 보살핌은 매우 분명합니다."
Loro Parque,스페인,https://www.tripadvisor.co.kr/Attraction_Review-g187481-d190893-Reviews-Loro_Parque-Puerto_de_la_Cruz_Tenerife_Canary_Islands.html,훌륭한 테 네리 페에 가려면 완벽한 당일 치기 여행이 필수입니다. 동물들은 잘 보살 피고 고래와 돌고래 쇼는 완벽했습니다. 각각 51 유로 및 교통편 제공
Loro Parque,스페인,https://www.tripadvisor.co.kr/Attraction_Review-g187481-d190893-Reviews-Loro_Parque-Puerto_de_la_Cruz_Tenerife_Canary_Islands.html,"훌륭한 날 우리는 코스타 아데 제에서 휴가를 보내는 동안 Loro Parque에서 하루를 보냈고 그것을 완전히 즐겼습니다. 공원은 매우 잘 배치되어 있으며 모든 동물들이 그들의 안녕을 진심으로 돌보는 것으로 보였습니다. 우리는 디스커버리 투어 (1 인당 + € 9)를 예약했습니다. 90 분“뒤에서”흥미로운 가이드와 함께 여행을 흥미롭고 재미있게 만들었습니다. 다양한 쇼 (Orcas, Dolphins, Sea Lions)는 훌륭했습니다. 이제 완료한지 확실하지 않지만 테 네리 페에서 새로운 경험을 찾고 있다면 Loro Parque를 추천 할 수 있습니다."
Loro Parque,스페인,https://www.tripadvisor.co.kr/Attraction_Review-g187481-d190893-Reviews-Loro_Parque-Puerto_de_la_Cruz_Tenerife_Canary_Islands.html,"긴 길 비싼. 성인 2 인당 50 유로 이상. 그것은 큰 공원이지만 공원 내부의 관광 명소에 제대로 표시되어 있지 않습니다. 오르카 고래는 인상적이지만 짧았으며, 펭귄 인클로저는 수족관처럼 인상적이었습니다. 그란 카나리아와 푸에르타 벤 투라의 팔 미토스와 오아시스 파만큼 좋지는 않았으며, 점점 더 어려워졌습니다. 전반적으로 감명받지 못했습니다."
Loro Parque,스페인,https://www.tripadvisor.co.kr/Attraction_Review-g187481-d190893-Reviews-Loro_Parque-Puerto_de_la_Cruz_Tenerife_Canary_Islands.html,"내 방문은 내 두려움을 완화 나는 Loro Parque를 방문하기 전에 회의 론적 이었으나 동물들을 본 후 부엌, 검역소, 사전 운영 및 운영 극장 등을 돌아 다니면서이 동물들이 잘 처리되고 보존 프로젝트의 큰 부분임을 확신합니다. 바닥 난방과 고릴라 음식은 놀랍습니다. 또한 모든 전력이 태양에 의해 공급되고 수영장 등에서 사용되는 모든 물이 여과 및 테스트 된 후 바다에서 나올 수 있도록하는 설립자의 비전. 우리는 물 여과 장치를 보았습니다.
엄청나게 다양한 동물 외에도 나무, 관목 및 꽃은 그늘이 많은 곳으로 아름답습니다.
우리의 감사는 또한 Essex 악센트가있는 스페인어 가이드 Dora-Spanish에도 가야합니다! 그녀는 세부 사항, 사실 및 그림을 제공하고 작업 및 설명 질문에 대해 훌륭했습니다.
그것은 매우 가치있는 방문이었고 나는 그것을 강력히 추천 할 것입니다."
Loro Parque,스페인,https://www.tripadvisor.co.kr/Attraction_Review-g187481-d190893-Reviews-Loro_Parque-Puerto_de_la_Cruz_Tenerife_Canary_Islands.html,"고가이지만 아주 좋은 동물원 높은 입장료로 인해 내가 푸에르토 델 라 크루즈에 있었던 첫 며칠 동안이 동물원에 가야했습니다. 그러나 나는 결국 가서보고 싶었고 현재 놀랐습니다. 미국의 일부 '해상 세계'동물원과 같은 수준의 아주 좋은 동물원입니다. 바다 사자, 범고래, 돌고래 전시는 훌륭했습니다. 그러나 건조한 상태를 유지하려면 스플래시 영역에 앉지 마십시오!"
Loro Parque,스페인,https://www.tripadvisor.co.kr/Attraction_Review-g187481-d190893-Reviews-Loro_Parque-Puerto_de_la_Cruz_Tenerife_Canary_Islands.html,"로로 체험 이 멋진 공원을 5 번 방문했습니다! 여러 번 있었는데도 없었던 친구를 사귀기로 결정했습니다! 우리 중 5 명은 환상적이었습니다! 돌고래부터 고래, 바다 사자, 앵무새 쇼에 이르기까지 재미있었습니다. 환상적이고 피자 장소에서 점심을 즐겼습니다. 모든 가족이 즐길 수있는 즐거운 하루."
Loro Parque,스페인,https://www.tripadvisor.co.kr/Attraction_Review-g187481-d190893-Reviews-Loro_Parque-Puerto_de_la_Cruz_Tenerife_Canary_Islands.html,숨막히는 동물 내가 가장 좋아하는 취미 중 하나는 동물 공원을 방문하는 것입니다. 나는 Loro Parque를 위해이 지역에 정기 휴일에옵니다. 모든 훌륭한 동물들은 매우 잘 보살핌을 받았습니다. 나는 포로 고래가 의견을 다소 나누는 것을 알고 있지만 가까이서 올라가면 얼마나 잘 보 였는지 알 수 있습니다. 직원들은 매우 헌신적입니다. 성수기에 방문하면 하루가 일찍 도착합니다. 많은 시간에보고 싶은 쇼를 관람하십시오. 코치 트립이 모두 사라짐에 따라 후자는 훨씬 조용합니다. 다시 오기를 기대합니다.
Loro Parque,스페인,https://www.tripadvisor.co.kr/Attraction_Review-g187481-d190893-Reviews-Loro_Parque-Puerto_de_la_Cruz_Tenerife_Canary_Islands.html,환상적인 동물원 훌륭한 동물원은 분명히 새 사냥꾼을위한 것입니다. 사랑스러운 설정. 저렴한 주차. 가격이 약간 비싸다. 오르카를하지 않았다. 돌고래 쇼? ? ?
Loro Parque,스페인,https://www.tripadvisor.co.kr/Attraction_Review-g187481-d190893-Reviews-Loro_Parque-Puerto_de_la_Cruz_Tenerife_Canary_Islands.html,"동물들을 돌봐야합니다! 글쎄, 그것은 펭귄, 호랑이, 돌고래, 오카, 앵무새 및 다른 야생 생물의 동물 공원입니다. 연구, 보존 및 서식지에 중점을 두어 매우 잘 발표되었습니다. 나는 당신의 보통 가족이가는 동물 ""쇼""라는 것을 알고 있습니다. 그리고 우리는 실제 몸매가 동물과 트레이너 사이에서 발달한다고 들었습니다. 나는 분명히 그렇게 희망한다. 나는 그룹과 함께 가서 그것을 즐겼다. 그러나 나의 철학적 측면은 동물들이 얼마나 ""즐거움""을 느끼고 인간 종의 오락을 위해 그들이 훈련을받은 일을하고 있는지 궁금해한다."
Loro Parque,스페인,https://www.tripadvisor.co.kr/Attraction_Review-g187481-d190893-Reviews-Loro_Parque-Puerto_de_la_Cruz_Tenerife_Canary_Islands.html,"훌륭한 동물원으로 모든 연령대에 적합합니다. 5 명의 가족이 최근 로로 파르 케를 방문했습니다. 이번에는 새로 다리가 부러져 휠체어에있었습니다. 나는 이번에 다른 각도에서 모든 것을 보았고 장애인에게 Loro Parque가 얼마나 적합한 지 말할 수 있습니다. 공원에서 두 번째였습니다. 나는 다른 사람들이 이전에 썼던 것, 즉 잘 조직되고 깨끗하며 아름답다. 나는 그것을 방문하는 것이 좋습니다. 누군가 테 네리 페에 있다면 '필수'라고 말해야합니다."
Loro Parque,스페인,https://www.tripadvisor.co.kr/Attraction_Review-g187481-d190893-Reviews-Loro_Parque-Puerto_de_la_Cruz_Tenerife_Canary_Islands.html,"아주 좋은 동물원, 잘 지내고 즐거운 하루. 우리는 흐린 날에이 동물원에 갔다. 라이브 호텔에서 도보 거리 내에 있습니다. 매우 깨끗하고 잘 관리되었습니다. 동물들은 아름답고 내부 음식은 사랑스럽고 좋은 가격이었습니다."
Loro Parque,스페인,https://www.tripadvisor.co.kr/Attraction_Review-g187481-d190893-Reviews-Loro_Parque-Puerto_de_la_Cruz_Tenerife_Canary_Islands.html,"세계 최고의 동물원 공원 방문에서 돌아 왔고 훌륭한 경험이었습니다. 우리가 동물원의 입구에서 11 유로의 추가 비용으로 동물원의 비하인드 투어 비용을 지불했습니다. 그녀는 네덜란드에서 왔으며 영어를 잘한다고 생각합니다. 전체 공원은 예외적이었다, 우리는 섬을 방문하는 누군가를 위해 방문해야 할 멋진 하루를 보내었다. 감사합니다."
Loro Parque,스페인,https://www.tripadvisor.co.kr/Attraction_Review-g187481-d190893-Reviews-Loro_Parque-Puerto_de_la_Cruz_Tenerife_Canary_Islands.html,"멋진 쇼 화려한 하루, 쇼를 사랑하고 아름다운 환경에서 모든 동물을보고. 공원은 흠이 없으며 전시회를 항상 청소하고 유지합니다. 영국식 가격과 비교할 때 저렴한 간식과 따뜻한 식사가 반드시 필요합니다."
Loro Parque,스페인,https://www.tripadvisor.co.kr/Attraction_Review-g187481-d190893-Reviews-Loro_Parque-Puerto_de_la_Cruz_Tenerife_Canary_Islands.html,"와 친구, 가족 또는 커플과 함께 하루 종일 즐길 수있는 멋진 하루입니다. 사전에 예약하면 무료 버거를받을 수 있습니다."
Loro Parque,스페인,https://www.tripadvisor.co.kr/Attraction_Review-g187481-d190893-Reviews-Loro_Parque-Puerto_de_la_Cruz_Tenerife_Canary_Islands.html,"1 동물원 테 네리 페에서해야 할 일을 살펴보면이 목록이 맨 위에옵니다.

Trip Advisor에서 최고의 동물원으로 선정되었습니다! 그리고 그 찬사에 행복하게 동의 할 수 있습니다.

다양한 동물과 쇼가 거의 없습니다.

인상적인 펭귄 전시회-꼭보아야합니다.

쇼-오카 고래, 돌고래, 바다 사자 및 이국적인 조류.

각각의 쇼는 잘 진행되며 처리자들이 동물들에게 얼마나 많은 관심, 열정 및 유대감을 주는지를 볼 수 있습니다.

공원에는 수백 마리의 작은 새와 앵무새가 서식하고 있으며이를 자랑스럽게 생각합니다.

좋은 하루 외출과 방문 가치가 있습니다.

Attenborough 자신은 Loro parque가 야생 동물을 위해하고있는 노력에 감사합니다."
Loro Parque,스페인,https://www.tripadvisor.co.kr/Attraction_Review-g187481-d190893-Reviews-Loro_Parque-Puerto_de_la_Cruz_Tenerife_Canary_Islands.html,"로로 파로 첫 여행 로로 파크는 고릴라, 오카 고래, 돌고래, 앵무새 및 더 많은 동물들에게 정말 놀랍습니다."
Loro Parque,스페인,https://www.tripadvisor.co.kr/Attraction_Review-g187481-d190893-Reviews-Loro_Parque-Puerto_de_la_Cruz_Tenerife_Canary_Islands.html,보존에 관한 차가있는 놀라운 동물 공원. 우리는 2019 년 6 월에이 공원을 방문했으며 그것이 우리가가 본 최고의 동물 공원 중 하나라고 말해야합니다. 인클로저는 모두 좋은 크기이며 특히 펭귄 인클로저는 남극에서 테마가 놀랍습니다. 동물들은 모두 행복하고 잘 보살펴지며 키퍼는 모두 동물 복지에 대해 자동차처럼 보였습니다. 2020 년 6 월 / 7 월에 다시 올 것입니다. 교통편이 빠르고 효율적이기 때문에 제트 2로 예약하는 것이 좋습니다.
Loro Parque,스페인,https://www.tripadvisor.co.kr/Attraction_Review-g187481-d190893-Reviews-Loro_Parque-Puerto_de_la_Cruz_Tenerife_Canary_Islands.html,로로 파르 케 방문 우리는 하루를 즐겼다. VIP 및 비하인드 투어 및 예약석은 특히 바쁜 날에 좋은 옵션이었습니다. 우리 호텔은 같은 위치에 있었기 때문에 도시로 돌아 오는 모터 트레인은 하루가 끝날 때 좋았습니다. 우리는 해양 생물 시설과 그 취급 방식에 깊은 인상을 받았습니다. 나는 하마와 다른 동물들에 대해 더 많은 걱정을했습니다. 그러나 모든 공원에는 그늘을위한 많은 나무가 잘 배치되어 있습니다.
Loro Parque,스페인,https://www.tripadvisor.co.kr/Attraction_Review-g187481-d190893-Reviews-Loro_Parque-Puerto_de_la_Cruz_Tenerife_Canary_Islands.html,좋은 하루 좋은 하루. 나는 미스 트리트먼트 때문에 동물 쇼에 대해 확신하지 못했지만 동물은 인간처럼 잘 보살 피고 재미있게 보였습니다. 장애인 이용이 가능한 온 가족에게 좋습니다. 흡연자가 지정된 지역이 있지만 멀리 떨어져 있지 않은 경우
Loro Parque,스페인,https://www.tripadvisor.co.kr/Attraction_Review-g187481-d190893-Reviews-Loro_Parque-Puerto_de_la_Cruz_Tenerife_Canary_Islands.html,"많은 재미 우리는 Loro Parque에서 하루 종일 재미있는 활동을 즐겼습니다. Costa Adeje에있는 호텔에서 차로 90 분 거리입니다.
우리는 Loro, 돌고래 및 오카 쇼의 우선 순위를 정했습니다. 쇼 사이와 방문 마지막 시간에 우리는 기본적으로 다른 모든 동물을 볼 수있었습니다. 야생에서 동물을 관찰하기는했지만 모두 건강하고 잘 관리 된 것 같습니다. 동물 쇼, 특히 오르카는 훌륭했습니다. 테 네리 페에 있다면 기회를 놓치지 마십시오! (합리적으로 가격이 책정 된 양질의 음식을 원한다면 자신의 점심을 포장하십시오. 공원은 적당하지만 비싼 음식으로 가득합니다)."
Loro Parque,스페인,https://www.tripadvisor.co.kr/Attraction_Review-g187481-d190893-Reviews-Loro_Parque-Puerto_de_la_Cruz_Tenerife_Canary_Islands.html,우울한 동물 여동생이 우리에게 가라고 주장했기 때문에 나는 가족과 함께 갔다. 나는 기대하지 않았던 포로에서 고래를 볼 것을 기대하고 있었다. 그러나 나를 위해 눈에 띄는 것은 우울해 보이는 펭귄이었다! 움직이지 않습니다. 나는 땀을 흘린 땀을 흘렸다. 보고 끔찍한 것.
Loro Parque,스페인,https://www.tripadvisor.co.kr/Attraction_Review-g187481-d190893-Reviews-Loro_Parque-Puerto_de_la_Cruz_Tenerife_Canary_Islands.html,"놀랄 만한 모든 것이 전에 쓰여졌 고, 멋진 쇼, 멋진 장소, 멋진 직원들. 그냥 거기에 가서 즐기십시오."
Loro Parque,스페인,https://www.tripadvisor.co.kr/Attraction_Review-g187481-d190893-Reviews-Loro_Parque-Puerto_de_la_Cruz_Tenerife_Canary_Islands.html,방문 할만한 가치가있는 곳 우리가 할 일을 찾은 후 테 네리 페를 방문하기 전에 방문하고 싶었던 공원 중 하나였습니다. 공원은 매우 커서 편안한 신발은 필수입니다. 우리는 가이드를 얻기 위해 여분의 22 유로를 지불했고 무대 뒤에서 동물과 내레이션에 대해 매우 유익한 정보를 보았습니다. 그 후 그들은 우리가 놓치지 않도록 쇼를 순서대로 매핑했습니다. 멋진 하루 외출과 더 중요한 것은 인클로저가 충분히 넓어 보였습니다. 수족관도 훌륭했습니다. 우리는 66 유로의 Loro Park와 Siam park를 함께 구매함으로써 거래를 얻었습니다.
Loro Parque,스페인,https://www.tripadvisor.co.kr/Attraction_Review-g187481-d190893-Reviews-Loro_Parque-Puerto_de_la_Cruz_Tenerife_Canary_Islands.html,나는 지금 동물이 훌륭하다고 생각합니다 볼거리가 너무 많아서 다른 세상과 같습니다. 범고래가 속임수를 쓰고 매일 보지 못합니다
Loro Parque,스페인,https://www.tripadvisor.co.kr/Attraction_Review-g187481-d190893-Reviews-Loro_Parque-Puerto_de_la_Cruz_Tenerife_Canary_Islands.html,"좋은 하루 나는 로로 파르 케 방문을 즐 겼음을 인정해야한다. 나는이 동물들 중 일부를 포로로 보는 것을 좋아하지 않는 사람으로 거기에 갔다. 그러나 이것에 대한 나의 의견은 그가 매력의 일부가 아니다. 포로 상태의 동물에 대한 윤리적 걱정이 가지 않으면 가지 않을 것입니다. 당신이 동물을보고 좋아하고 우리를 신경 쓰지 않으면 그것을 즐길 수 있습니다. 나에게는 솔직하게 봐야 할 멋진 동물들이 많이있었습니다. 인클로저가 모두 깨끗하고, 예를 들어 동물 크기에 비해 작게 보일 수 있습니다. 동물은 야생 동물과 같은 공간을 가지게 될 것입니다. 공원은 좋은 전시물로 훌륭하고 돌고래와 바다 사자 쇼는 환상적입니다. 불행히도 우리는 앵무새 쇼를 놓쳤습니다. 오르카 쇼의 팬은 아니 었습니다. 펭귄 인클로저는 놀랍습니다. 발견 투어를 할 수 있다면 Daura는 놀랍습니다. 동물에 대한 많은 정보를 제공하고 공원의 비하인드 스토리를 보여줍니다."
Loro Parque,스페인,https://www.tripadvisor.co.kr/Attraction_Review-g187481-d190893-Reviews-Loro_Parque-Puerto_de_la_Cruz_Tenerife_Canary_Islands.html,그것을 사랑 이것은 성인을 위해 38 유로에 들어가는 데 비싸지 만 특히 펭귄을 방문하기에 좋은 곳입니다
Loro Parque,스페인,https://www.tripadvisor.co.kr/Attraction_Review-g187481-d190893-Reviews-Loro_Parque-Puerto_de_la_Cruz_Tenerife_Canary_Islands.html,"좋은 하루 가장 멋진 곳입니다.
게이트 요금이 어디인지 확인할 수 있습니다.
장소는 깨끗하지 않다. .
모든 새와 동물이 잘 보살펴졌습니다.
바다 사자, 고래, 돌고래 전시가 가장 즐겁고 유익했습니다.
당신은 가까이 볼 때까지 문을 열어야합니다."
Loro Parque,스페인,https://www.tripadvisor.co.kr/Attraction_Review-g187481-d190893-Reviews-Loro_Parque-Puerto_de_la_Cruz_Tenerife_Canary_Islands.html,"멋진 당일 치기 여행 볼 수있는 다양한 종류의 다양한 동물들이있는 매우 깨끗하고 잘 관리 된 공원.
다양한 음식 중에서 선택할 수있는 음식이 좋고 합리적입니다.
바다 사자 쇼는 훌륭했고 펭귄은 훌륭했습니다.
고릴라와 매우 가까워졌습니다. :)

Los Cristianos에서 차를 빌리고 운전하기 좋은 길.

모든 가족을위한 멋진 하루!"
Loro Parque,스페인,https://www.tripadvisor.co.kr/Attraction_Review-g187481-d190893-Reviews-Loro_Parque-Puerto_de_la_Cruz_Tenerife_Canary_Islands.html,멋진 방문 그들이 보여준 아름다운 방문은 모든 곳에서 훌륭했습니다. 동물 모두가 너무 행복해 보였으므로 무료 열차를 이완하십시오. 매우 편안하고 즐거운 하루를 보내십시오.
Loro Parque,스페인,https://www.tripadvisor.co.kr/Attraction_Review-g187481-d190893-Reviews-Loro_Parque-Puerto_de_la_Cruz_Tenerife_Canary_Islands.html,로로 공원 훌륭한 경험이 많은 직원이 유익한 정보를 얻었으므로 전체 여행이 훌륭했습니다.
Loro Parque,스페인,https://www.tripadvisor.co.kr/Attraction_Review-g187481-d190893-Reviews-Loro_Parque-Puerto_de_la_Cruz_Tenerife_Canary_Islands.html,당일 치기 여행 버스에 갔다가 많은 시간을 보냈고 음식을 먹었 기 때문에 쇼를 위해 시간표로 하루를 계획했는지 확인하십시오.
Loro Parque,스페인,https://www.tripadvisor.co.kr/Attraction_Review-g187481-d190893-Reviews-Loro_Parque-Puerto_de_la_Cruz_Tenerife_Canary_Islands.html,"환상적인 Day Out, 놓치지 마세요. 우리는 푸에르토 델 a 크루즈에 머무르고 있었다. 그래서 우리는 Loro 공원의 입구에 당신을 데려 가기 위해 20 분마다 출발하는 무료 기차를 얻었다. 겨우 15 분 밖에 걸리지 않습니다.
그것은 좋은 하루 외출이며 모든 페니, 센트 가치가 있습니다.
팁 : 공연 시간으로 인해 하루 전에 계획을 세우십시오. 모든 공연은 훌륭하며 놓칠 수 없습니다.
하루 종일 필요로하기 때문에 하루 종일 사용할 수 있으므로 일찍 가십시오. 그것은 각각 약 38 유로의 비용이 들었고 우리는 거의 마감 시간까지 머물 렀습니다. 무료 열차는 외부로 돌아와서 잡은 곳에서 내려줍니다."
Loro Parque,스페인,https://www.tripadvisor.co.kr/Attraction_Review-g187481-d190893-Reviews-Loro_Parque-Puerto_de_la_Cruz_Tenerife_Canary_Islands.html,"그들이 광고 할 때, 테 네리 페에있을 때 '필수품' 공원은 자랑스럽게 그것이 아니오라는 것을 자랑스럽게 생각합니다. 세계에서 1 동물원, 그리고 나는 그것을 잘 믿을 수 있습니다. 저에게 깊은 인상을 준 것은 재단의 보존 측면과 야생 생물을 구하기 위해 어떻게해야하는지 설명하는 것입니다. 오카 및 앵무새 쇼와 같은 쇼는 훌륭합니다. 그들은 '자전거를 타는 앵무새'형 디스플레이를 배제했습니다. 요즘에는 정치적으로 잘못되었다고 생각하고 야생 동물에 대한 위협에 더 집중합니다. 펭귄 하우스는 매력적입니다.
공원에는 많은 화장실과 합리적인 가격의 카페테리아가 있으며 표지판이 잘 갖추어져 있습니다. 나는 여행하기 전에 온라인으로 예약하고 음식에 쓸 할인권과 5 바우처를 각각 받았다. 그만한 가치가 있습니다. 추천."
Loro Parque,스페인,https://www.tripadvisor.co.kr/Attraction_Review-g187481-d190893-Reviews-Loro_Parque-Puerto_de_la_Cruz_Tenerife_Canary_Islands.html,놀라운 동물 공원! 내가 가본 최고의 동물 공원 / 동물원입니다. 당신은 많은 놀라운 동물을 매우 가까이에서 볼 수 있습니다!
Loro Parque,스페인,https://www.tripadvisor.co.kr/Attraction_Review-g187481-d190893-Reviews-Loro_Parque-Puerto_de_la_Cruz_Tenerife_Canary_Islands.html,"정말 좋고 깨끗합니다 쇼는 좋았지 만 로로 쇼는 10 년 전 처음 왔을 때 더 좋았습니다. 친절한 직원. Pinguin 부분은 예외적입니다.
나는 1 인당 거의 40 유로의 입구를 충전 한 후 주차 비용으로 4 유로를 청구하는 것은 괜찮다고 생각하지 않습니다. 비싼 동물원입니다.
LP 팀에게 제안하고 싶은 것 : 지속 가능성과 동물 자동차는 당신에게 매우 중요합니다. (동물원에서 후원하는 많은 프로젝트를 볼 수 있습니다) 사람들이 방문하는 동안 주차장의 모든 자동차에 스티커를 붙이는 이유 동물원? 나는 그것의 마케팅을 이해하지만 대부분의 방문객들은 렌터카 관광객이라고 생각합니다. 임대 회사는 그 사랑스러운 스티커를 벗고 있습니다."
Loro Parque,스페인,https://www.tripadvisor.co.kr/Attraction_Review-g187481-d190893-Reviews-Loro_Parque-Puerto_de_la_Cruz_Tenerife_Canary_Islands.html,"사랑스러운 하루 방문하기 좋은 곳. 모든 동물과 새들은 그들의 환경에서 만족스럽고 편안해 보였다.
동물원은 협상하기 쉽고 깨끗하게 유지됩니다.
우리는 슈퍼 하루를 보냈습니다."
Loro Parque,스페인,https://www.tripadvisor.co.kr/Attraction_Review-g187481-d190893-Reviews-Loro_Parque-Puerto_de_la_Cruz_Tenerife_Canary_Islands.html,"가족 여행 좋은 하루는 공원에서 볼 수 있고 볼거리가 많은 잘 조직 된 공원에서 보냈습니다.
돌고래와 오카 고래는 꼭보아야 할 쇼였습니다."
Loro Parque,스페인,https://www.tripadvisor.co.kr/Attraction_Review-g187481-d190893-Reviews-Loro_Parque-Puerto_de_la_Cruz_Tenerife_Canary_Islands.html,"거기에 처음으로 우리는 처음으로 큰 동물 팬이 아니었지만 그만한 가치가 10/10이었습니다.

쇼는 매우 훌륭하고 대가족이 아닌 경우 티켓을 위해 조금 더 쓸 가치가 있습니다 (단 2).

또한 점심 식사를 위해 15 유로를 얻었습니다."
Loro Parque,스페인,https://www.tripadvisor.co.kr/Attraction_Review-g187481-d190893-Reviews-Loro_Parque-Puerto_de_la_Cruz_Tenerife_Canary_Islands.html,"트리 탑 내가 가본 최고의 동물원을 찾아보세요. 단지 물개 쇼가 마음에 들지 않았지만, 다른 모든 사람들이 그것을 좋아하는 것을 인정해야하지만 물개는 자신의 삶에 문제가 없어 보이지만 동물을 속이는 것을 싫어합니다."
Loro Parque,스페인,https://www.tripadvisor.co.kr/Attraction_Review-g187481-d190893-Reviews-Loro_Parque-Puerto_de_la_Cruz_Tenerife_Canary_Islands.html,"Daura는 최고의 VIP 가이드입니다! 여기에서 모든 동물들을 보며 놀라운 하루를 보냈습니다. 우리는 돈 가치가있는 디스커버리 투어로 업그레이드했습니다! Daura는 믿을 수없는 안내서이므로 모든 질문과 질문 (특히 8 세부터)에 잘 준비되어 있으므로 Daura를 찾아보십시오.
공원 전체에서 훌륭한 보존 프로그램과 투명성!
 10/10!"
Loro Parque,스페인,https://www.tripadvisor.co.kr/Attraction_Review-g187481-d190893-Reviews-Loro_Parque-Puerto_de_la_Cruz_Tenerife_Canary_Islands.html,"최고의 동물원 우리는 2019 년 크리스마스에 로로 파르 케에 갔다. 우리는 푸에르토 드 라 크루즈에 구체적으로 머물 렀기 때문에 우리는 편리하게 여기에 갈 수있었습니다. 우리는 동물원에 도착하는 데 약 15 분이 걸렸던 오전 9시에 작은 노란색 도로 열차를 탔습니다.

우리는 매우 기쁜 다이아몬드 투어 티켓을 구입했습니다. 이것들은 우리에게 무대 뒤의 여행 (발견 투어 및 프리미엄 티켓과 함께 제공)을 제공했지만 Brunelli의 스테이크 하우스에서 멋진 점심을 얻었습니다.

우리가 온라인으로 표를 샀을 때 우리는 입구에서 곧장 갔다. 우리는 하루 동안 우리에게 스티커를 준 가이드 중 한 명에게 즉시 나타났습니다. 다이아몬드 티켓은 또한 쇼에서 최고의 좌석을 제공합니다.

우리를 바로 때린 것은 모든 것이 얼마나 깨끗한 지였습니다. 우리에게 주어진지도는 읽기 쉬웠고 모든 것이 푯말로 표시되었습니다.

나는 첫번째 펭귄이 AMAZiNG 행성 펭귄이었을 정도로 나는 펭귄 괴물이다. 유리 뒤에는 있지만 외부 외장이있는 유비쿼터스 (슬프게도 가장 희귀 한) 훔볼트 펭귄이있었습니다. 다음 부분에서는 남극 전시회를 위해 얼음 기둥을 걷습니다. 나는 그것이 조금 '행복한 발'이되고 나를 슬프게하지만 반대로하는 것이 조금 걱정이되었습니다. 펭귄들은 경계했고, 많은 사람들이 수영을하고 뛰어 다니고있었습니다. 일부는 심지어 계란에 앉아있었습니다. 당신은 당신을 둥글게하는 플랫폼에 서서 밀어 넣지 않습니다. 모든 일이 돌아가는 데 약 20 분이 걸리고 결국에는 Puffins가 있습니다. 그것은 내가 매우 감정적이라고 말한 것을 두려워하지 않는 놀라운 전시회였습니다!

그 후 우리는 우리 여행 가이드를 찾았다 – 우리는 Carolina이었다. 그녀는 친절하고 유익하며 전문적이었습니다. 무대 뒤의 비트, 특히 오르카는 훌륭했습니다. 수영장 아래로 가서 실제로 쇼에서 그들을보고 점프하고 튀는 곳은 훌륭하지만 실제로 환경에서 물 아래 두꺼운 유리창을 통해 보는 것은 훌륭했습니다 (실제로 감정적입니다). 하나는 실제로 창을 지나서 미끄러 져서 표시와 크기를 볼 수 없었습니다.

쇼는 앵무새, 물개, 돌고래와 오카가 훌륭했습니다. 다시 한 번 말하지만, 우리는 포로와 관련하여 약간의 도덕적 문제가 있다고 생각했지만 실제로 일부는 구출되었다는 사실을 알게되었을 때 일부는 다른 동물원에서 사육 된 사육 프로그램에서 나 왔으며 그들이 진정으로 행복해 보였기 때문에 다르게 생각하게되었습니다. 모든 수호자들이 동물을 좋아한다는 것을 알 수있었습니다.

우리는 펭귄을 3 번 방문하는 것을 포함하여 성탄절을 보냈습니다. 솔직히 그것이 최고의 동물원이었다고 말할 수 있습니다.

모두를 즐기십시오."
Loro Parque,스페인,https://www.tripadvisor.co.kr/Attraction_Review-g187481-d190893-Reviews-Loro_Parque-Puerto_de_la_Cruz_Tenerife_Canary_Islands.html,"사랑스러운 공원 돌고래, 고래, 물개 쇼가 모두 아주 좋은 곳에서 많은 다른 종류의 조류와 다른 동물의 좋은 컬렉션을 볼 수있는 많은 동물이있었습니다."
Loro Parque,스페인,https://www.tripadvisor.co.kr/Attraction_Review-g187481-d190893-Reviews-Loro_Parque-Puerto_de_la_Cruz_Tenerife_Canary_Islands.html,"내가 간 최고의 동물원 12 월에 우리 가족과 함께 하루를 듣게되었고, 근거는 아름답고 볼 동물이 많이 있습니다.

우리는 3 개의 쇼, 물개 쇼 오카 고래 쇼와 새 쇼에 갔다. 그리고 3는 모두 정말로 좋았다

모든 직원은 정말 친절하고 도움이되었습니다.

가격도 괜찮았다

많은 화장실에 점이 찍히고 너무 많은 음식을 먹을 수 있도록 배치되었습니다.

단지 장난감 가게가 메가 비싸다는 것은 부정적이었습니다."
Loro Parque,스페인,https://www.tripadvisor.co.kr/Attraction_Review-g187481-d190893-Reviews-Loro_Parque-Puerto_de_la_Cruz_Tenerife_Canary_Islands.html,"놀랄 만한 이곳은 야생 동물과 조류로 가득한 멋진 곳이며, 그곳에도 탈 수 있으며 푸에르토 데 라 크루즈 (Puerto de la Cruz)에서 노디 기차가 있습니다."
Loro Parque,스페인,https://www.tripadvisor.co.kr/Attraction_Review-g187481-d190893-Reviews-Loro_Parque-Puerto_de_la_Cruz_Tenerife_Canary_Islands.html,"푸에르토 드 라 크루즈 동물원 테 네리 페의 어느 위치에 있든, 로로 파르 케가 제공해야 할 광채를 볼 수있는 사업을 시작하십시오. 처음에는 사람당 € 38 내가 방문했을 때 비싼 것을 발견했지만 어디서나 장소를 보았습니다. 킬러 고래, 돌고래, 물개 및 새 쇼를 포함하여 하루 종일 진행되는 쇼에 앵무새에게 말하는 물고기의 종류를 볼 수있는 훌륭한 수생 센터.이 쇼를 놓치지 마십시오. 하루에 5 ~ 6 시간이면 충분하지만 그저 나뿐입니다. 2 주 이내에 하루를 다시 보내고 싶다면 € 13이며, 같은 날 떠나고 다시 오려면 도장. 우리는 볼 가치가있다
참고 : 음식은 동물원에서 비싼 편이며 점심 도시락을 먹거나 밖에서 음식을 얻는 것이 좋습니다.

내가 말해야 할 곳을 봐야합니다. 누군가이 리뷰에서 말한 것에 동의하지 않으면 매우 놀랐습니다."
Loro Parque,스페인,https://www.tripadvisor.co.kr/Attraction_Review-g187481-d190893-Reviews-Loro_Parque-Puerto_de_la_Cruz_Tenerife_Canary_Islands.html,로로 공원에서의 하루 우리는 하루 동안 로로 공원에갔습니다. 고래와 돌고래는 돈을 가치가있는 놀라운 날이었습니다. 모든 동물이 돌볼 것이고 공원은 매우 깨끗했습니다.
Loro Parque,스페인,https://www.tripadvisor.co.kr/Attraction_Review-g187481-d190893-Reviews-Loro_Parque-Puerto_de_la_Cruz_Tenerife_Canary_Islands.html,완전한! 나는 장소를 추천한다! 우리는 좋은 시간을 보냈습니다. Loro parque는 쇼와 동물에 관한 것이 아니라 경험에 관한 것입니다.
Loro Parque,스페인,https://www.tripadvisor.co.kr/Attraction_Review-g187481-d190893-Reviews-Loro_Parque-Puerto_de_la_Cruz_Tenerife_Canary_Islands.html,"기만 솔직히 말해서, 나는 동물들이 자란 조건을보고 매우 실망했습니다.
대부분의 동물들은 실제로 구할 수있는 작은 지역에 불안감, 긴장감, 압도적 인 것처럼 보였습니다.
나는 절망 속에서 호랑이가 같은 지점에서 여러 번 원을 그리며, 2m 정사각형 케이지로 날아 다니는 가난한 새들을 보았습니다.
그것이 건전한 태도라고 말할 수 없습니다.
동물은 우리가 아닌 자연에 속합니다!
그것을보기 위해 돈을 지불 한 것은 부끄러운 일이지만 눈을 뜨는 경험이었습니다."
Loro Parque,스페인,https://www.tripadvisor.co.kr/Attraction_Review-g187481-d190893-Reviews-Loro_Parque-Puerto_de_la_Cruz_Tenerife_Canary_Islands.html,"포로 고래와 돌고래 당일 치기 여행을 마지 못해 설득했다. 동물들이 이곳에 머무르는 방식에 충격을 받고 슬퍼했습니다. 아직 여행 고문에 있다고 믿을 수 없습니다. . .
작은 수영장에 갇힌 고래들은 분명히 고통스럽고, 직원들과 여행사들은 그들이 행복하고 사로 잡힌 자란 말을합니다 – 이것은 사실이 아닙니다. 모든 비용을 피하십시오."
Loro Parque,스페인,https://www.tripadvisor.co.kr/Attraction_Review-g187481-d190893-Reviews-Loro_Parque-Puerto_de_la_Cruz_Tenerife_Canary_Islands.html,"아름답지만 혼잡 공원은 아름답고 잘 정리되어 있습니다. 우리는 모두 오카 쇼와 바다 사자 쇼를 보았습니다. 오르카 쇼는 당신을 매우 축축하게 만들 수 있습니다. 어떤 사람들은 튀어 나와서 화가났다. 펭귄은 환상적입니다.
군중이 많으면 몸을 탐색하고 줄을 서서 기다리는 데 시간을 소비하게됩니다.
전반적으로 좋은 경험이지만 가격은 높습니다. 공원은 그렇게 크지 않습니다."
Loro Parque,스페인,https://www.tripadvisor.co.kr/Attraction_Review-g187481-d190893-Reviews-Loro_Parque-Puerto_de_la_Cruz_Tenerife_Canary_Islands.html,훌륭한 가족 경험 우리는 5와 함께 공원에서 멋진 하루를 보냈습니다. 5 살입니다. 쇼는 훌륭하고 교육적이었습니다. 우리는 그들이 어떻게 동물들에게 애정이 있는지를 좋아했으며 그것이 재미있었습니다. 음식은 훌륭하고 가격이 비쌌습니다. 전반적으로 우리는 멋진 날을 보냈습니다.
Loro Parque,스페인,https://www.tripadvisor.co.kr/Attraction_Review-g187481-d190893-Reviews-Loro_Parque-Puerto_de_la_Cruz_Tenerife_Canary_Islands.html,"작은 아이를 둔 가족을위한 최고의 장소 침팬지, 범고래, 바다 사자, 돌고래, 펭귄, 고릴라 등의 야생 동물. . . . . 너무 많이 요구합니다. 거의 모든 언어로 가이드 투어가 가능합니다.

다시 올 것이다."
Loro Parque,스페인,https://www.tripadvisor.co.kr/Attraction_Review-g187481-d190893-Reviews-Loro_Parque-Puerto_de_la_Cruz_Tenerife_Canary_Islands.html,"아이들을위한 환상적인 장소 나는 유람선에서 하루 동안 테 네리 페를 방문하고 있었고 이것은 나의 웅대 한 아기의 필수품이었다. 그녀는 19 개월이지만 특히 돌고래와 오르카를 즐겼습니다.
꼭보아야 할 하루와 잘 보냈습니다.
모든 휠체어와 전동 휠체어가 모두 나가서 전체 공원을 운영 할 수 없었습니다. 나는 그들이 더 구입하는 것이 좋습니다."
Loro Parque,스페인,https://www.tripadvisor.co.kr/Attraction_Review-g187481-d190893-Reviews-Loro_Parque-Puerto_de_la_Cruz_Tenerife_Canary_Islands.html,"씨월드와 유사합니다. 잘. . 무엇 일!

10 년 전에 미국에 갔을 때 나는 바다 세계에 날아갔습니다. 내가 테 네리 페에 왔을 때, 나는 결코 그와 비슷한 점을 생각하지 않았다. 이 동물원은 동물을 정말 좋아하며 얼마나 잘 지켰는지 알 수 있습니다. 동물에게 공평하고 우리가 볼 수있는 훌륭한 케이지.

다양한 동물들, 모두 잘 돌 보았습니다. 쇼는 놀랍습니다. Orcas는 우리가 불고 있고 돌고래는 영리하며 바다 사자는 사랑 스럽습니다. 쇼에서 좋은 좌석을 위해 우선 순위를 구입할 가치가 있습니다. 우리는 가이드 투어를 귀찮게하지 않았습니다 (그들이 계속해서 나가는 것처럼 보였고 오히려 우리 자신의 페이스를 보았습니다).

방문하기 좋은 곳. 내가 테 네리 페에서 자신을 찾으면 내가 가본 최고의 동물원입니다."
Loro Parque,스페인,https://www.tripadvisor.co.kr/Attraction_Review-g187481-d190893-Reviews-Loro_Parque-Puerto_de_la_Cruz_Tenerife_Canary_Islands.html,"우수한 동물원 이것은 킬러 고래, 황제 펭귄, 흰 호랑이를 포함하여 전에 본 적이없는 많은 동물들이있는 최고급 동물원입니다. 우리가 그것을 갔던 날에, 표를 사기 위해 나이가 들었다 (섬에 방문하는 사람은 성인 당 € 38를 지불 해야하는 것의 두 배를 지불한다, 고가의!!!) 그리고 그것은 가방과 보안 점검을 통과하는 데 나이가 걸렸다. 그들이 당신의 사진을 찍으려고 노력하는 또 다른 고의적 인 병목이 들어 오자마자, 이것은 또한 나이가 들었습니다. 일단 그 모든 것을 통해 동물의 범위는 인상적입니다. 하루 종일 돌고래와 범고래 쇼가 있지만 어느 시간에 가고 싶은지 계획해야합니다. 그렇지 않으면 일찍 들어 가지 않을 것입니다. 동물 인클로저는 매우 훌륭하며 동물을 잘 돌볼 수 있습니다. 나는 동물원에 관해서는 항상 딜레마를 가지고 있습니다. 나의 일부는 동물이 모두 자유롭고 그들을 고정시켜야한다고 말합니다. 그러나 이것은 몇 년 안에이 종 중 일부가 살아남을 수있는 유일한 장소라는 절망적 인 슬픈 사실과 함께합니다 이 같은 동물원에 있습니다. 포장이 언제 이루어질 지 판단하기가 어렵고 포장되지 않을 때 덜 바쁜 날에 방문하기에 충분히 운이 좋으면 더 즐거운 날이 될 것이라고 말하고 싶습니다. 나는 많은 푸시 의자에 부딪 쳤습니다. 레이아웃과 좁은 경로는 많은 사람들을 처리하기에 적합하지 않습니다. 전반적으로 나는 그것을 추천 할 것입니다."
Loro Parque,스페인,https://www.tripadvisor.co.kr/Attraction_Review-g187481-d190893-Reviews-Loro_Parque-Puerto_de_la_Cruz_Tenerife_Canary_Islands.html,"볼 수 있어야합니다 Lori parc는 테 네리 페에서 꼭보아야 할 곳입니다.
더 많은 탄생, 심지어 그것은 parc의 특기입니다. 펭귄 빙원은 훌륭합니다. 오르카, 돌고래, 바다 표범이있는 쇼는 훌륭합니다.
이것을 놓치지 마세요!"
Loro Parque,스페인,https://www.tripadvisor.co.kr/Attraction_Review-g187481-d190893-Reviews-Loro_Parque-Puerto_de_la_Cruz_Tenerife_Canary_Islands.html,Loro Parque에서 보내는 즐거운 하루 돌고래와 고래의 좋은 라이브 쇼. 너무 많은 종류의 앵무새가 있다는 것을 몰랐습니다. 테 네리 페를 여행하는 사람들은 반드시 방문해야합니다. .
Loro Parque,스페인,https://www.tripadvisor.co.kr/Attraction_Review-g187481-d190893-Reviews-Loro_Parque-Puerto_de_la_Cruz_Tenerife_Canary_Islands.html,동물의 낙원 Loro Parque는 기쁨이었습니다! 동물들은 친근한 환경에 머물러 있었고 모두 잘 보이고 활동적으로 보였습니다. 쇼는 매우 잘 발표되었으며 범고래와 바다 사자가 마술을하는 것을 보는 것은 재미있었습니다. 앵무새와 돌고래도 훌륭했습니다. 이 원더 랜드를 탐험하면서 먹을 수있는 물건을 파는 팝업 스탠드가 더있을 수 있다고 생각합니다. 나는이 여행을 철저히 즐겼으며 그것이 좋은 곳이라고 생각합니다.
Loro Parque,스페인,https://www.tripadvisor.co.kr/Attraction_Review-g187481-d190893-Reviews-Loro_Parque-Puerto_de_la_Cruz_Tenerife_Canary_Islands.html,"오래된 ""동물원"" 이 장소가 방문자 유인으로 세계에서 1 위가 아닌 것을 확인한 후 우리는 놀라워 야한다고 생각합니다.

당신이 당신의 차를 주차 해야하는 경우 조언의 한 단어는 공원 외부에 갇혀하지 마십시오-일부 지역 주민은 무료 주차가 € 5 주차. 적어도 공원은 이것을 € 4에 제공합니다!

도착하자마자 우리는 온라인으로 티켓을 미리 구매 한 상태에서 키오스크에 접근했으며 바코드가있는 각 티켓에도 스캔 할 수 있도록 이메일로 보내달라고 요청했습니다. 분명히 이것은 환경 친화적이라는 모든 주장에 위배됩니다. 다음 사람에게 건네 줄 수 있도록 티켓을 인쇄해야합니까? ? ?

전반적으로 펭귄, 도착하는 물고기와 같은 훌륭한 관광 명소가 있지만 돌고래, 오카 및 바다 사자가 보관되어있는 컴팩트 한 공간을 보고이 놀라운 생물이 있어야한다는 것을 알면 충돌합니다. 이처럼 비좁고 작은 조건의 영향을받지 않는 야생.

청결-이 장소가 얼마나 깨끗한 지 매일 확인할 수 없습니다.

새-당신이 그들 모두를 실제로 볼 수는 너무나 많지만 그들은 모두 당신이 그들에게 미안하다고 느끼는 작은 감금소에 보관됩니다.

사자와 호랑이-다시 한 번 당신은 그들이 뛰어 다니는 것을 보았습니다.

전체적으로 당신이 갇힌 동물을보고 싶다면 이곳을 방문하는 것이 좋습니다. 그러나 만약 동물들이 착취 당하고 있다는 것을 알고있는 양심이 있다면, 대신 물 공원으로 갈 수 있습니다."
Loro Parque,스페인,https://www.tripadvisor.co.kr/Attraction_Review-g187481-d190893-Reviews-Loro_Parque-Puerto_de_la_Cruz_Tenerife_Canary_Islands.html,좋은 하루 정말 즐거운 하루와 내가 본 최고의 동물원 중 하나. 나는 동물들이 잘 유지되는 것을 좋아했습니다. 조금 비싸다.
Loro Parque,스페인,https://www.tripadvisor.co.kr/Attraction_Review-g187481-d190893-Reviews-Loro_Parque-Puerto_de_la_Cruz_Tenerife_Canary_Islands.html,"좋고 윤리적 인 동물원. 티켓은 조금 비쌌지만, 공원은 정말 긍정적이었습니다. 동물들은 좋은 생활 조건을 가지고 있었고 공원은 좋았습니다. 반나절을 보내는 좋은 방법!"
Loro Parque,스페인,https://www.tripadvisor.co.kr/Attraction_Review-g187481-d190893-Reviews-Loro_Parque-Puerto_de_la_Cruz_Tenerife_Canary_Islands.html,"훌륭한 경험이지만 100 % 친환경적이지 않음 로암 파르 크는 시암 공원 (실제로 시간과 돈을 잃는 것)과는 반대로 방문 할만한 가치가 있습니다. 이 지역은 매우 좋으며 동물은 잘 보살핌을 받고 보전되며 무엇보다도 개통 시간이 너무 커서 서두르지 않고 모든 것을 쉽게 볼 수 있습니다.

공원을 더욱 매력적으로 만드는 것은 매우 훌륭하게 준비되고 공연되는 다양한 쇼입니다. 그들은 단지 쇼에 관한 것이 아니라 동물의 삶과 생태계에 대해 배울 수있는 기회이기도합니다.

그러나 일부 측면은 그리 좋지 않습니다. 첫째, 사람들이 사진을 찍는 동안 입구에서 큐잉하는 것을 좋아하지 않습니다 (그리고 그들은 출구에서 각각 6 유로의 사진을 살 수 있습니다). 가격과 같은 조건). 골목은 자유로 워야하고 사진을 찍고 싶은 사람은 조건을 염두에 두거나 최소한 동의해야합니다. 나는 그것이 사업이라는 것을 이해하지만 그것이 행해지는 방식은 사람들의 프라이버시를 완전히 존중하지는 않습니다.

두 번째로, Orca Ocean 쇼에서 재미있는 것은 동물에게 물이 may 수 있다는 사실입니다. 이것은 로로 파르 케 (Loro Parque)에 의해 지능적으로 이용되어 각각 3 유로의 저품질 플라스틱 판초를 판매합니다. 그것은 쇼 후에 그냥 버릴 것입니다 (품질이 떨어지기 때문에). 수영장에서 멀리 떨어져 있거나 쓰레기 봉투를 가져 가십시오 (더 나은 플라스틱으로 만들어져 있습니다). 이러한 측면 외에도 플라스틱 폐기물이기도하므로 환경 친화적이 아닙니다. Loro Parque가 그 점에 신경 쓰지 않으면 사람들은 환경을 희생하여 돈을 낭비하지 마십시오.

이것은 전반적으로 매우 좋은 경험이라고 말했습니다. 나는 내 평가에 약간 가혹할 수 있지만 (3, 5는 덜 가혹하다) 이것은 작은 측면을 개선하기 위해 Loro Parque에 메시지를 보내는 것입니다."
Loro Parque,스페인,https://www.tripadvisor.co.kr/Attraction_Review-g187481-d190893-Reviews-Loro_Parque-Puerto_de_la_Cruz_Tenerife_Canary_Islands.html,훌륭한 여기에 동물들이 잘 보관되어있는 전시회의 모든 위치에 잘 방문 할 수있는 훌륭한 장소가 있습니다. 오르카 쇼가 매우 감정적이라고 생각합니다. 나는 모든 사람들에게 공원을 추천 할 것입니다.
Loro Parque,스페인,https://www.tripadvisor.co.kr/Attraction_Review-g187481-d190893-Reviews-Loro_Parque-Puerto_de_la_Cruz_Tenerife_Canary_Islands.html,"로로 파르 케. 테 네리 페에 계시다면 반드시 이곳을 방문하십시오! 그리고 Delphine show와 다른 사람들을보고, 좋은 3-4를 보낼 것입니다
공원 전체를 서두르지 않고 점검하는 시간, 확실히 가치가 있습니다."
Loro Parque,스페인,https://www.tripadvisor.co.kr/Attraction_Review-g187481-d190893-Reviews-Loro_Parque-Puerto_de_la_Cruz_Tenerife_Canary_Islands.html,"엔터테인먼트의 위대한 원천 Loro Parque는 아이들에게 좋은 경험입니다. 그것은 많은 다른 동물과 멋진 쇼를 가지고 있습니다. 최고의 쇼는 돌고래 쇼, 오카 쇼 및 바다 사자 쇼였습니다. Loro 쇼는 좋지 않았다. 그들은 많은 앵무새를 포함하여 인상적인 동물들을 가지고 있습니다."
Loro Parque,스페인,https://www.tripadvisor.co.kr/Attraction_Review-g187481-d190893-Reviews-Loro_Parque-Puerto_de_la_Cruz_Tenerife_Canary_Islands.html,"완전한 테 네리 페를 방문한다면 여전히 필수품이라고 생각합니다.
구매하는 동안 좋은 일이 아니 었습니다. 우리 모두가 갔다가 다시 갔던 사람들을 알고 있습니다. 그들은 더 좋아졌습니다. 동물을보고 싶어하는 아이들을 교육 시켰을 경우 필수품입니다. 그들은 PITA이기 때문에 사람들을 괴롭 히고, 쌍을 키우고, 때리고, 단단하게 행동하게합니다."
Loro Parque,스페인,https://www.tripadvisor.co.kr/Attraction_Review-g187481-d190893-Reviews-Loro_Parque-Puerto_de_la_Cruz_Tenerife_Canary_Islands.html,"젊은이와 노인 모두에게 좋은 재미 어린이뿐만 아니라 성인 모두에게 즐거운 시간을 보내십시오. Orcas, Dolphins, Parrots, Sea Lions와 함께 약 5 개의 살아있는 동물 쇼가 하루에 몇 번씩 열리고 있습니다. 그들은 재미 있고 동물들이 고통받는 것을 보지 못했습니다. 그들은 정말로 그것에 들어갔습니다. 다른 종류의 동물들에 둘러싸여 걸어 다니는 톤. 우리는 그곳에서 5 시간을 보냈으며, 당신이 모든 라이브 쇼를보고 싶다면 그것은 일반적인 양입니다. 간식을 먹어야합니다. 그렇지 않으면 음식에 대한 평균보다 약간 높은 금액을 지불해야합니다."
Loro Parque,스페인,https://www.tripadvisor.co.kr/Attraction_Review-g187481-d190893-Reviews-Loro_Parque-Puerto_de_la_Cruz_Tenerife_Canary_Islands.html,"좋은 하루 내가 가본 최고의 공원 중 하나입니다.
바다 사자, 돌고래, 오카 및 앵무새의 멋진 쇼. 우리는 고릴라, 펭귄 및 오카의 무대 뒤에서 접근 할 수있는 발견 여행을했습니다.

볼 동물이 많으며 동물에 대한 그들의 사랑을 이해할 수 있습니다.

새로운 동물 대사관은 멋지면서 공원 과학자가 직장에서 볼 수 있습니다.

화장실에는 팁 박스가 달린 소녀들이 있습니다. 나는 그것이 무엇인지 모른다. 한 번만 눌렀지만 다음 몇 번 사용했지만 우리는 어떤 것도 넣지 않았고 자발적인 것처럼 보였습니다. 경영진이 이것을 설명 할 수 있다면 좋을 것입니다. 이것은 동물에게가요? 아니면 직원? 세계적 수준의 공원의 경우 입장료가 이미 가격에 비해 상당히 그늘이 있습니다.

 15 유로 바우처가 포함되어있어 식사를하기에 충분합니다.

좋은 하루 외출과 나는 이것이 아이들을 위해 매우 교육적인 것을 볼 수 있습니다."
Loro Parque,스페인,https://www.tripadvisor.co.kr/Attraction_Review-g187481-d190893-Reviews-Loro_Parque-Puerto_de_la_Cruz_Tenerife_Canary_Islands.html,뛰어난 동물 공원! 절대적으로 훌륭하고 할 일 목록에 있어야합니다! 디스커버리 투어도 꼭하세요! 하루 종일 필요하며 식당과 음식은 충분히 싸고 풍부합니다.
Loro Parque,스페인,https://www.tripadvisor.co.kr/Attraction_Review-g187481-d190893-Reviews-Loro_Parque-Puerto_de_la_Cruz_Tenerife_Canary_Islands.html,"좋은 하루를 보냈습니다 아내와 나는 지난 주에 이곳을 방문했고 정말 멋진 시간을 보냈습니다. 동물들은 매우 건강하고 행복해 보였다. 우리가 공원을 궁금해하는 동안 많은 정보가 제공되었습니다.

방문하면 고래, 돌고래 및 바다 사자 쇼를보아야합니다! 그들은 훌륭했다."
Loro Parque,스페인,https://www.tripadvisor.co.kr/Attraction_Review-g187481-d190893-Reviews-Loro_Parque-Puerto_de_la_Cruz_Tenerife_Canary_Islands.html,"건강한 동물 동물원이 가면서 이것은 최고 중 하나였습니다. 나는 그런 것을 본 적이 없다
건강한 동물. 각 실행은 크기와 기질에 적합했습니다. 나는 Orcas가 수영장이 아닌 바다에 사는 것을 좋아합니다."
Loro Parque,스페인,https://www.tripadvisor.co.kr/Attraction_Review-g187481-d190893-Reviews-Loro_Parque-Puerto_de_la_Cruz_Tenerife_Canary_Islands.html,"고래 및 돌고래 Whale & Dolphin으로 표시하십시오.
몇 시간 동안 즐거운 시간을 보낼 수있는 놀라운 곳입니다.
테 네리 페에서 놓치지 마세요."
Loro Parque,스페인,https://www.tripadvisor.co.kr/Attraction_Review-g187481-d190893-Reviews-Loro_Parque-Puerto_de_la_Cruz_Tenerife_Canary_Islands.html,"로로 공원 섬에있는 대부분의 장소에서 온 방문객, 무료 열차 또는 버스에 대한 필수품입니다. 몇 주 동안 머무르는 경우 한 티켓의 가격을 제안하면 2를 얻을 수 있으며 같은 금액으로 두 번 방문 할 수 있습니다. 방문할만한 가치가있는 환상적인 펭귄 집"
Loro Parque,스페인,https://www.tripadvisor.co.kr/Attraction_Review-g187481-d190893-Reviews-Loro_Parque-Puerto_de_la_Cruz_Tenerife_Canary_Islands.html,"로로 파크 갈 놀라운 곳. 하루 종일 엔터테인먼트. 섬을 방문하는 사람에게는 필수품입니다. 범고래, 돌고래 및 앵무새 쇼. 그리고 아기 왕국의 동물에 대해 배우고 집에서 동물을 너무나 행복하게 보는 하루 종일 멋진 멋진 멋진 xx"
Loro Parque,스페인,https://www.tripadvisor.co.kr/Attraction_Review-g187481-d190893-Reviews-Loro_Parque-Puerto_de_la_Cruz_Tenerife_Canary_Islands.html,좋은 방문 우리는 Lora Parque 방문을 좋아했습니다. 쇼는 좋았고 우리는 하루 종일 보냈습니다. 음식은 괜찮 았지만 품질은 좋지 않았습니다. 모든 동물을 보았습니다.
Loro Parque,스페인,https://www.tripadvisor.co.kr/Attraction_Review-g187481-d190893-Reviews-Loro_Parque-Puerto_de_la_Cruz_Tenerife_Canary_Islands.html,"꿈은 이루어집니다! 제 여자 친구는 오르 카스의 삶을 보는 어린 시절의 꿈을 꾸었습니다. 이 공원은 훌륭합니다. 동물들은 정말로 여기서 즐거워합니다. 제 여자 친구는 이것이 세상에서 가장 좋은 곳이라고 말할 수있었습니다. 모든 것은 공원 내부에서 찾을 수 있습니다. 가격이 높지 않습니다. 나는 병든 동물과 신생아를 위해 별도의 클리닉이 있다는 사실을 정말로 좋아했습니다. 방문이 충분하지 않아서 아마 돌아올 것입니다.
당신의 꿈을 이루어 주셔서 감사합니다."
Loro Parque,스페인,https://www.tripadvisor.co.kr/Attraction_Review-g187481-d190893-Reviews-Loro_Parque-Puerto_de_la_Cruz_Tenerife_Canary_Islands.html,놀랄 만한 놀랍게도 그것이 모든 동물을보아야한다는 것을 좋아했고 우리는 마법의 오카 쇼를 보았습니다.
Loro Parque,스페인,https://www.tripadvisor.co.kr/Attraction_Review-g187481-d190893-Reviews-Loro_Parque-Puerto_de_la_Cruz_Tenerife_Canary_Islands.html,"Extraordinaria 이 모든 동물에 대한 정서와 존경과 사랑의 느낌을 가진 멋진 동물원!
우리는 많은 사람들이 있다는 느낌이 없습니다. ."
Loro Parque,스페인,https://www.tripadvisor.co.kr/Attraction_Review-g187481-d190893-Reviews-Loro_Parque-Puerto_de_la_Cruz_Tenerife_Canary_Islands.html,우수한 비싸더라도 방문할만한 가치가 있습니다. 쇼는 특히 오카와 돌고래가 훌륭합니다. 하루 종일 할 일이 많으면 어느 나이나 즐길 수 있습니다.
Loro Parque,스페인,https://www.tripadvisor.co.kr/Attraction_Review-g187481-d190893-Reviews-Loro_Parque-Puerto_de_la_Cruz_Tenerife_Canary_Islands.html,"사랑스러운 하루! 이 아름다운 공원에는 감탄할 동물, 할 일, 먹고 마시는 장소가 가득합니다. 그들은 젊은이와 노인 모두를 위해 음식을 제공합니다. 잘 보살펴 매우 깨끗합니다. 정말 좋은 하루입니다."
Loro Parque,스페인,https://www.tripadvisor.co.kr/Attraction_Review-g187481-d190893-Reviews-Loro_Parque-Puerto_de_la_Cruz_Tenerife_Canary_Islands.html,당일 치기 여행 쇼는 훌륭했고 온 가족이 즐겼습니다. 부분적으로 약간 구릉. 빨간 팬더가 숨어 있었기 때문에 우리는 그를 볼 수 없었습니다.
Loro Parque,스페인,https://www.tripadvisor.co.kr/Attraction_Review-g187481-d190893-Reviews-Loro_Parque-Puerto_de_la_Cruz_Tenerife_Canary_Islands.html,"Tipical 동물원이 아닙니다 우리는 비오는 날에 동물원을 방문했습니다. 내 ""해야 할 일""목록에 없었지만 남자 친구가보고 싶었습니다. 우리는 그것을 후회하지 않았습니다. 거의 하루 종일 훌륭한 활동이었습니다.
쇼는 훌륭했습니다. 오르카 쇼를 기대하십시오. 나는 로로 공원이 오카와 함께 많은 일을한다는 것을 이해한다 (그들 중 하나는 귀 먹었고 작년에 송아지가 있었다). 그러나 나를 위해이 동물들을 붙잡아서 속임수를 보는 것은 여전히 슬프다. 그들은 똑똑합니다. 그들이 배울 수있는 것이 끔찍합니다. 그러나 돌고래와 바다 사자와 함께 그들은 쇼를 즐기는 것을 볼 수 있습니다. 나는 오르카에게는 그런 느낌이 없었습니다. 어쨌든 나는 로로 공원에서 그들을 실제로 돌보고 있다고 확신하며 사람들에게 환경과 동물을 돌보는 메시지를 보내는 것이 좋습니다.
나는 공원이 가장 멸종 위기에 처한 종, 특히 앵무새를 위해하는 일을 좋아합니다.
전체 공원, 나무와 식물은 훌륭합니다. 나는 새들이 자유롭게 날 수있는 곳을 정말 좋아했습니다. 여기 앵무새는 매우 친절하고 아름다웠습니다.
싸지는 않지만 볼만한 가치가 있습니다."
Loro Parque,스페인,https://www.tripadvisor.co.kr/Attraction_Review-g187481-d190893-Reviews-Loro_Parque-Puerto_de_la_Cruz_Tenerife_Canary_Islands.html,"로라 공원에서 또 다른 멋진 하루 매분 전에 사랑한 적이없는 2 명의 사람들과 함께 로라 공원을 방문했습니다.
그들은 orcas, 돌고래와 바다 사자에 의해 쇼의 광석에 있었다. 그들은 또한 펭귄, 사자, 앵무새 및 더 많은 동물들과 같은 다른 모든 매력을 즐겼습니다.
그들은 또한 공원 직원들이 보존 작업을 수행하는 것에 깊은 감명을 받았습니다.
좋은 하루 종일 좋은 일을 했어요."
Loro Parque,스페인,https://www.tripadvisor.co.kr/Attraction_Review-g187481-d190893-Reviews-Loro_Parque-Puerto_de_la_Cruz_Tenerife_Canary_Islands.html,"볼 수 있어야합니다 아름답게 배치하고 매우 깨끗합니다. 공원은 잘 관리되어 있습니다. 동물들은 잘 돌보는 것 같습니다. 오르카, 돌고래 및 바다 사자 쇼는 추가 보너스였습니다. 확실히 돌아올 것입니다. 더 자세한 정보에 관심이 있다면 도착시 추가 11 €를 지불하여 디스커버리 투어를하십시오."
Loro Parque,스페인,https://www.tripadvisor.co.kr/Attraction_Review-g187481-d190893-Reviews-Loro_Parque-Puerto_de_la_Cruz_Tenerife_Canary_Islands.html,매우 추천하는 우리는 푸에르토 데 산디 아고에 머무르면서 방문했습니다. 이동에는 약 2 시간 30 분이 걸렸지 만 그만한 가치가있었습니다. 모든 동물은 훌륭하게 보살 피고 모두 행복해 보였다. 공원은 매우 깨끗하고 깔끔했습니다. 공원의 음식은 동물원의 가격이 비싸지 않은 평균 가격입니다. 쇼는 특히 바다 사자 쇼에서 훌륭합니다. 놀랄 만한. 수백 마리의 앵무새가 모두 잘 보살핌을 받았으며 각각의 공연 중에는 일과 동물을 돕는 방법에 대해 설명합니다. 정말 좋은 날 우리는 보통 동물원에서 두 시간을 보내고 휴가를 보내기 때문에 하루 종일 노력하는 데 어려움을 겪을 것이라고 생각했습니다. 그러나 로로 파르 케는 우리가 하루 종일 행복하고 쉽게 보냈습니다. 날씨는 하루 종일 비가 내렸지 만 결코 우리를 해치지 않았습니다. 이 장소를 적극 권장합니다.
Loro Parque,스페인,https://www.tripadvisor.co.kr/Attraction_Review-g187481-d190893-Reviews-Loro_Parque-Puerto_de_la_Cruz_Tenerife_Canary_Islands.html,놀라운 장소 나는 방문하기에 얼마나 놀라운 곳인지 동물은 야생의 집에 있어야하지만 가능한 한 자연 서식지에 가까운 동물을 가지고 동물원이 좋은 곳입니다.
Loro Parque,스페인,https://www.tripadvisor.co.kr/Attraction_Review-g187481-d190893-Reviews-Loro_Parque-Puerto_de_la_Cruz_Tenerife_Canary_Islands.html,"놀라운 장소 내가 말할 수있는 모든 것은 여기 당신이 실망하지 않을 것입니다. 우리는 푸에르토 드 라 크루즈 마을에서 무료 열차를 여기에서 얻었습니다. 나는 우리가 도중에 행해지는 그림을 가지고 있었고, 6 유로를 위해 나쁘지 않은 길에 그것을 집어 들었다 음식이 좋았고 가격도 아주 좋았다 7. 피자를 위해 95 유로. 그리고 그것은 커플 가족 등을위한 모든 화려한 하루 동안 매우 좋았다."
Loro Parque,스페인,https://www.tripadvisor.co.kr/Attraction_Review-g187481-d190893-Reviews-Loro_Parque-Puerto_de_la_Cruz_Tenerife_Canary_Islands.html,"좋은 곳 동물들이 잘 정리 된 상태로 모든 것이 잘 정리되어 있으며, 코스튬 플레이어는 자신이 개발하고있는 작업을 잘 알고 있습니다!"
Loro Parque,스페인,https://www.tripadvisor.co.kr/Attraction_Review-g187481-d190893-Reviews-Loro_Parque-Puerto_de_la_Cruz_Tenerife_Canary_Islands.html,"좋은 동물원. 내 생일을 위해 여기에 갔다 환상적이고 사랑스러운 동물원 동물이 잘 보살펴 진 것처럼 보입니다. 고래 쇼는 필수이며,이 사랑스러운 동물을 훈련시키는 직원에게 신용합니다. 동물원은 깨끗하고 깔끔하게 유지됩니다. 하루를 좋아했습니다."
Loro Parque,스페인,https://www.tripadvisor.co.kr/Attraction_Review-g187481-d190893-Reviews-Loro_Parque-Puerto_de_la_Cruz_Tenerife_Canary_Islands.html,정말 좋지만 몇 가지 조언 공원은 정말로 잘 보존되어 있으며 모든 동물은 잘 돌보는 것처럼 보입니다. 볼 수있는 많은 쇼와 인상적인 동물들! 우리는 las Am ricas에서 운전했습니다-당신이 거기에 도착하기 위해 왼쪽 대신 섬의 오른쪽으로 가십시오. 운전은 산 위로 있었고 꽤 안전하지 않고 울퉁불퉁 한 지형을 느꼈다. 또한 우리가 공원에 접근했을 때 (100m 거리) 사람이 도로 한가운데 뛰어 들어 도로 폐쇄로 인해 특정 장소에 모든 차를 주차하도록 지시했습니다. 그는 모두에게 최소 5 유로를 지불하게했다 – 이것은 사기다! ! ! 우리가 공원에 도착했을 때 많은 공간이 있었기 때문에 우리는 차를 얻었고 공원 안에 안전하게 주차했습니다. 박 직원은 수년간 진행되어 왔지만 아무도 막을 수 없었습니다. 여기에 도착하기 위해 한 시간이 걸렸습니다. 일주일 이상을 멈춘다면 추천 할 것입니다. 그렇지 않으면 남쪽 테 네리 페에서 하루가 너무 길어서 방해하지 않습니다. 유모차 등을 위해 상당히 구릉이지만 공원이 잘못되었다는 것은 정말 좋았습니다.
Loro Parque,스페인,https://www.tripadvisor.co.kr/Attraction_Review-g187481-d190893-Reviews-Loro_Parque-Puerto_de_la_Cruz_Tenerife_Canary_Islands.html,"환상적인 날 !!! 우리는 Loro 공원에 버스 여행을 갔다. 그것은 정말로 lovely 한 날이었다, 원숭이를 만나기 위해 짐, 사자에게 아름다운 새들, 모든 쇼들, 그것은 먹을 곳, 기억해야 할 많은 짐을 많이 유지했다"
Loro Parque,스페인,https://www.tripadvisor.co.kr/Attraction_Review-g187481-d190893-Reviews-Loro_Parque-Puerto_de_la_Cruz_Tenerife_Canary_Islands.html,"40 Eur를 소비하는 가장 좋은 방법 :) 녹색, 깨끗하고 넓으며 크게 구성되어 있습니다! 다양한 종은 슈퍼, 당신은 흰 호랑이처럼 거기에서 볼 수있는 독특한 동물입니다! 쇼도 좋아했습니다. 섬에있는 동안 할 수있는 가장 좋은 방법은 분명히이 돈의 가치입니다. 매우 추천하는!"
Loro Parque,스페인,https://www.tripadvisor.co.kr/Attraction_Review-g187481-d190893-Reviews-Loro_Parque-Puerto_de_la_Cruz_Tenerife_Canary_Islands.html,좋은 곳 방문하기 좋은 곳이 크게 즐겼습니다. 볼거리가 많습니다. 좋은 음식. 매우 깨끗한 것이 좋습니다.
Loro Parque,스페인,https://www.tripadvisor.co.kr/Attraction_Review-g187481-d190893-Reviews-Loro_Parque-Puerto_de_la_Cruz_Tenerife_Canary_Islands.html,매우 즐거운 어머니와 나는 로로 파르 케 (Loro Parque)로 정말 즐거운 여행을 갔다. € 30가 필요한 경우 휠체어를 무료로 대여해야합니다. 단점은 꽤 구릉이지만 우리 가이드 투어에서 2 명의 신사가 그녀를 밀었습니다. 나는 그들에게 충분히 감사 할 수 없다. 그들 없이는 우리가 한 일을 볼 수 없었을 것입니다. 놀라운 곳입니다. 스페인어로는 Loro가 앵무새를 의미하기 때문에 특히 앵무새와 관련하여 많은 훌륭한 보존 작업을 수행합니다. 방문할만한 가치가 있습니다.
Loro Parque,스페인,https://www.tripadvisor.co.kr/Attraction_Review-g187481-d190893-Reviews-Loro_Parque-Puerto_de_la_Cruz_Tenerife_Canary_Islands.html,"사랑스러운 하루 여행. 우리는 Las Americas에서 하루 동안 이곳에 왔습니다. 사랑스러운 동물원이며 모든 동물들이 환경에서 정말 행복해 보입니다. 오카와 돌고래 쇼는 훌륭하고 짧았습니다. 아이들에게 아주 좋습니다.
싸지는 않았지만 그만한 가치가있었습니다. 돈을 절약하기 위해 소풍을하는 것이 좋습니다. 내 파트너와 나는 핫도그, 칩 및 음료를 각각 얻었고 대략 20 명의 유머였습니다."
Loro Parque,스페인,https://www.tripadvisor.co.kr/Attraction_Review-g187481-d190893-Reviews-Loro_Parque-Puerto_de_la_Cruz_Tenerife_Canary_Islands.html,좋은 하루 Loro Parque에 깊은 인상을 받았습니다. 모두가 아름답게 유지하고 접근 할 수 있습니다. 매우 잘 생각했습니다.
Loro Parque,스페인,https://www.tripadvisor.co.kr/Attraction_Review-g187481-d190893-Reviews-Loro_Parque-Puerto_de_la_Cruz_Tenerife_Canary_Islands.html,"오카와 돌고래 공연은 부정적 일뿐입니다 수족관, penquin 및 젤리 물고기 분야는 훌륭하지만 나는 새 섹션이 자유 비행이 될 것으로 기대했지만 (London Zoo 에서처럼) 많은 사람들이 너무 작은 조류 사육장에 보관됩니다. 둥글게하는 간판이 더 나을 수 있지만 동물 보존을 위해 무엇을하려고하는지 감사합니다. 그래도 라이브 쇼를 중단해야합니다."
Loro Parque,스페인,https://www.tripadvisor.co.kr/Attraction_Review-g187481-d190893-Reviews-Loro_Parque-Puerto_de_la_Cruz_Tenerife_Canary_Islands.html,"싸지는 않지만 환상적인 하루 더 일찍 카지노 근처에서 무료 열차를 타십시오. 투어에는 € 11의 추가 요금이 부과됩니다. 음식 / 음료, 대기열 등을 가져 가십시오. 나무 꼭대기, 수족관, 펭귄 및 환상적인 오르카 전시를하십시오.
하루 종일 쉽게 보내고 & 당신은해야합니다. 즐겨"
Loro Parque,스페인,https://www.tripadvisor.co.kr/Attraction_Review-g187481-d190893-Reviews-Loro_Parque-Puerto_de_la_Cruz_Tenerife_Canary_Islands.html,"공원은 기차를 개선해야합니다. 이 공원은 papagals와 delfine 쇼로 매우 완벽합니다. 좋은 방문이었다.
그러나 기차는 너무 낡았다. 나는 도시에서 공원으로의 여행에 만족하지 않았습니다. 기차는 너무 낡았다. . 20 세 이상, 안락함 없음, 소형화는 녹스에서 나쁩니다."
Loro Parque,스페인,https://www.tripadvisor.co.kr/Attraction_Review-g187481-d190893-Reviews-Loro_Parque-Puerto_de_la_Cruz_Tenerife_Canary_Islands.html,특별한!! 우리는 테 네리 페에있을 때 항상 Loro Parque를 두 번 방문합니다. 공원 내에서 왕복 티켓을 € 13에 구매합니다. 그것이 1 위로 선정 된 이유가 있습니다. 항상 아름답게 깨끗하며 동물들이 잘 보살핌을 받고 행복해 보이고 인클로저가 매우 잘 설계되었습니다. 당신은 당신의 자신의 피크닉을 취할 수 있지만 공원에서 사용할 수있는 좋은 음식과 가격이 좋은 몇 가지 옵션이 있습니다. 모든 동물 쇼는 교육적이고 즐겁고 하루 종일 잘 정리되어 있습니다. 디스커버리 투어는 유익한 정보를 제공하며 뒤에서 진행되는 작업에 대한 정보를 제공합니다. 우리는 다음에 다시 올 것이다.
Loro Parque,스페인,https://www.tripadvisor.co.kr/Attraction_Review-g187481-d190893-Reviews-Loro_Parque-Puerto_de_la_Cruz_Tenerife_Canary_Islands.html,"아름답고 유익하며 세상의 보호를 장려합니다. 이 동물원은 여러분이 방문하는 동안 지구에 미치는 영향과 우리가 어떻게 변화하도록 도울 수 있는지에 대한 정보를 받고 교육을받습니다. 무엇보다 볼거리와 볼거리가 많은 아름다운 곳입니다. 음식은 합리적인 가격으로 제공되며 매우 좋은 품질과 다양한 선택입니다. 아이들은 하루 종일 영감을 얻어 질문을 받았으며, 프레젠테이션은 영감을 주었고 유익했으며 직원들은 친절하고 아이들에게 도움이되었습니다. 펭귄은 환상적이었고 모든 동물이 아름답고 잘 유지되었습니다. 앵무새 쇼는 시각적으로 훌륭했습니다. 아름다운 테 네리 페 섬에서 하루 종일 환상적인 하루 종일 비용을 지불 할 가치가 있습니다."
Loro Parque,스페인,https://www.tripadvisor.co.kr/Attraction_Review-g187481-d190893-Reviews-Loro_Parque-Puerto_de_la_Cruz_Tenerife_Canary_Islands.html,"다양한 야생 동물 환상적인 동물원, 3 년 유아는 특히 Orca the whale show를 좋아했습니다. 다음은 우리가 가장 좋아하는 것입니다.
 -많은 펭귄
 -돌핀 쇼
 -해파리 수족관"
Loro Parque,스페인,https://www.tripadvisor.co.kr/Attraction_Review-g187481-d190893-Reviews-Loro_Parque-Puerto_de_la_Cruz_Tenerife_Canary_Islands.html,"깨끗하고 동물에 대한 보살핌, 다양한 야생 동물 정말 멋진 하루-동물원과 인클로저는 뽀뽀했습니다 (펭귄 탱크에 다이버가 있었고 얼음 밑에서 청소하기도했습니다).

주요 사건은 펭귄 체험 (얼음, 눈이 내림), 침팬지, 새 숲을 통과하는 산책, 돌고래 쇼 등이었습니다. 빨간 팬더는 발견하기가 매우 어려웠습니다!

하루 종일 가치가 있습니다. 우리는 시암 파크 콤보 티켓을 얻었습니다. 사전에 티켓이 없다면 공원을 떠나기 전에 얻을 수있는 것처럼 보입니다. 주차장은 4 유로 였지만 일찍 도착하면 외부 도로에 주차 할 수 있다고 생각합니다."
